time,temperature_2m,wind_speed_10m,wind_direction_10m,cloud_cover,shortwave_radiation,precipitation
2023-07-01T00:00,10.5,4.3,265,48,0.0,0.0
2023-07-01T01:00,10.4,2.5,188,53,0.0,0.0
2023-07-01T02:00,8.9,3.1,159,100,0.0,0.0
2023-07-01T03:00,9.0,3.4,162,100,0.0,0.0
2023-07-01T04:00,9.7,4.0,153,100,9.0,0.0
2023-07-01T05:00,11.0,6.4,164,100,47.0,0.0
2023-07-01T06:00,12.9,6.5,174,57,108.0,0.0
2023-07-01T07:00,16.1,11.3,187,70,377.0,0.0
2023-07-01T08:00,17.5,16.3,211,77,486.0,0.0
2023-07-01T09:00,19.6,20.6,224,100,469.0,0.0
2023-07-01T10:00,20.2,21.4,226,92,631.0,0.0
2023-07-01T11:00,19.1,19.1,234,99,501.0,0.0
2023-07-01T12:00,19.2,20.8,233,97,301.0,0.1
2023-07-01T13:00,18.5,19.2,236,100,298.0,0.1
2023-07-01T14:00,16.9,17.8,222,100,159.0,0.0
2023-07-01T15:00,17.6,18.9,230,100,125.0,0.6
2023-07-01T16:00,17.0,17.1,235,100,150.0,0.2
2023-07-01T17:00,16.5,13.2,235,100,74.0,0.0
2023-07-01T18:00,16.1,12.5,213,100,46.0,0.0
2023-07-01T19:00,16.1,13.5,222,100,10.0,0.0
2023-07-01T20:00,15.9,12.7,227,97,1.0,0.1
2023-07-01T21:00,15.8,12.6,243,100,0.0,0.0
2023-07-01T22:00,15.7,11.1,245,100,0.0,0.0
2023-07-01T23:00,15.4,11.3,253,100,0.0,0.0
2023-07-02T00:00,15.4,12.5,258,100,0.0,0.0
2023-07-02T01:00,14.9,9.8,264,99,0.0,0.0
2023-07-02T02:00,14.4,12.6,268,88,0.0,0.0
2023-07-02T03:00,14.4,10.8,266,97,0.0,0.0
2023-07-02T04:00,13.9,8.4,250,91,12.0,0.0
2023-07-02T05:00,14.4,10.8,240,73,92.0,0.0
2023-07-02T06:00,15.1,13.7,252,71,211.0,0.0
2023-07-02T07:00,15.2,15.7,250,65,222.0,0.0
2023-07-02T08:00,16.5,18.4,259,92,380.0,0.0
2023-07-02T09:00,17.4,18.6,260,88,455.0,0.0
2023-07-02T10:00,18.1,18.5,263,87,513.0,0.0
2023-07-02T11:00,18.9,20.8,261,100,538.0,0.0
2023-07-02T12:00,19.0,21.3,266,96,507.0,0.0
2023-07-02T13:00,19.6,20.9,271,14,582.0,0.0
2023-07-02T14:00,19.5,15.1,252,80,390.0,0.0
2023-07-02T15:00,19.9,20.2,265,100,492.0,0.0
2023-07-02T16:00,19.7,16.6,283,77,367.0,0.0
2023-07-02T17:00,19.1,13.6,281,41,323.0,0.0
2023-07-02T18:00,18.4,12.9,283,28,193.0,0.0
2023-07-02T19:00,16.3,6.5,276,10,85.0,0.0
2023-07-02T20:00,14.6,7.6,278,0,8.0,0.0
2023-07-02T21:00,14.4,7.2,273,22,0.0,0.0
2023-07-02T22:00,12.7,4.7,274,26,0.0,0.0
2023-07-02T23:00,13.7,5.4,250,100,0.0,0.0
2023-07-03T00:00,14.4,4.6,231,70,0.0,0.0
2023-07-03T01:00,13.5,6.2,234,0,0.0,0.0
2023-07-03T02:00,13.6,11.7,259,88,0.0,0.0
2023-07-03T03:00,13.0,8.8,258,44,0.0,0.0
2023-07-03T04:00,12.7,8.9,230,46,13.0,0.0
2023-07-03T05:00,13.5,15.4,249,51,77.0,0.0
2023-07-03T06:00,14.7,17.1,252,0,255.0,0.0
2023-07-03T07:00,15.6,17.6,255,52,418.0,0.0
2023-07-03T08:00,16.4,19.6,256,28,512.0,0.0
2023-07-03T09:00,17.3,18.9,256,41,447.0,0.0
2023-07-03T10:00,17.1,16.1,241,77,454.0,0.0
2023-07-03T11:00,17.8,23.5,249,78,412.0,0.0
2023-07-03T12:00,18.3,18.5,257,83,430.0,0.0
2023-07-03T13:00,19.3,21.9,247,100,499.0,0.0
2023-07-03T14:00,18.3,19.9,266,100,406.0,0.0
2023-07-03T15:00,19.1,18.2,261,100,404.0,0.0
2023-07-03T16:00,19.8,18.6,248,97,365.0,0.0
2023-07-03T17:00,19.6,16.6,248,9,361.0,0.0
2023-07-03T18:00,19.1,12.9,247,0,219.0,0.0
2023-07-03T19:00,17.4,8.1,249,13,83.0,0.0
2023-07-03T20:00,14.9,4.7,238,3,7.0,0.0
2023-07-03T21:00,14.1,4.3,222,15,0.0,0.0
2023-07-03T22:00,13.9,5.1,231,47,0.0,0.0
2023-07-03T23:00,14.2,7.9,231,70,0.0,0.0
2023-07-04T00:00,14.5,6.8,238,72,0.0,0.0
2023-07-04T01:00,14.2,9.2,249,51,0.0,0.0
2023-07-04T02:00,13.3,6.6,248,0,0.0,0.0
2023-07-04T03:00,12.6,5.2,236,0,0.0,0.0
2023-07-04T04:00,12.2,5.1,225,0,15.0,0.0
2023-07-04T05:00,13.7,12.6,243,7,107.0,0.0
2023-07-04T06:00,15.4,14.4,238,17,242.0,0.0
2023-07-04T07:00,16.3,16.8,247,39,346.0,0.0
2023-07-04T08:00,17.5,17.6,247,61,520.0,0.0
2023-07-04T09:00,18.1,18.2,252,42,594.0,0.0
2023-07-04T10:00,19.7,19.1,250,71,699.0,0.0
2023-07-04T11:00,21.1,18.2,243,37,786.0,0.0
2023-07-04T12:00,21.8,20.2,251,43,768.0,0.0
2023-07-04T13:00,22.1,18.9,252,100,725.0,0.0
2023-07-04T14:00,22.3,18.2,243,35,575.0,0.0
2023-07-04T15:00,22.1,15.8,269,52,560.0,0.0
2023-07-04T16:00,22.1,12.6,250,65,379.0,0.0
2023-07-04T17:00,21.5,11.5,272,100,330.0,0.0
2023-07-04T18:00,20.7,4.3,294,100,185.0,0.0
2023-07-04T19:00,18.6,3.3,13,100,69.0,0.0
2023-07-04T20:00,17.4,4.1,38,100,6.0,0.0
2023-07-04T21:00,16.0,6.8,65,100,0.0,0.0
2023-07-04T22:00,15.5,10.1,86,100,0.0,0.0
2023-07-04T23:00,15.4,6.9,96,92,0.0,0.0
2023-07-05T00:00,14.6,6.0,107,100,0.0,0.0
2023-07-05T01:00,14.6,6.9,129,100,0.0,0.0
2023-07-05T02:00,14.6,5.8,187,100,0.0,0.0
2023-07-05T03:00,14.0,6.9,174,100,0.0,0.6
2023-07-05T04:00,13.6,10.9,146,100,4.0,0.6
2023-07-05T05:00,13.8,8.7,150,100,19.0,0.0
2023-07-05T06:00,15.4,10.1,174,97,34.0,0.2
2023-07-05T07:00,16.4,16.1,209,92,64.0,0.0
2023-07-05T08:00,17.5,20.2,229,100,302.0,0.0
2023-07-05T09:00,17.7,24.1,235,88,559.0,0.0
2023-07-05T10:00,17.6,27.2,235,46,669.0,0.0
2023-07-05T11:00,17.5,27.0,243,66,586.0,0.0
2023-07-05T12:00,18.8,23.7,244,86,660.0,0.0
2023-07-05T13:00,19.8,22.7,245,0,773.0,0.0
2023-07-05T14:00,19.4,21.0,257,42,672.0,0.0
2023-07-05T15:00,19.5,22.3,252,41,545.0,0.0
2023-07-05T16:00,19.2,20.2,251,41,445.0,0.0
2023-07-05T17:00,18.4,17.2,254,78,315.0,0.0
2023-07-05T18:00,17.7,14.0,269,51,155.0,0.0
2023-07-05T19:00,16.7,14.7,253,100,57.0,0.0
2023-07-05T20:00,14.9,10.2,252,67,3.0,0.0
2023-07-05T21:00,14.5,11.0,259,98,0.0,0.0
2023-07-05T22:00,13.3,8.7,253,45,0.0,0.0
2023-07-05T23:00,13.0,9.2,244,32,0.0,0.0
2023-07-06T00:00,12.4,6.6,248,0,0.0,0.0
2023-07-06T01:00,11.7,5.4,233,0,0.0,0.0
2023-07-06T02:00,11.7,7.4,247,30,0.0,0.0
2023-07-06T03:00,10.6,4.5,256,0,0.0,0.0
2023-07-06T04:00,10.2,4.3,270,0,13.0,0.0
2023-07-06T05:00,12.1,4.1,225,0,104.0,0.0
2023-07-06T06:00,14.3,5.5,212,0,247.0,0.0
2023-07-06T07:00,16.0,7.7,242,33,388.0,0.0
2023-07-06T08:00,17.3,9.6,250,54,538.0,0.0
2023-07-06T09:00,18.7,9.7,248,28,639.0,0.0
2023-07-06T10:00,19.8,11.5,256,13,786.0,0.0
2023-07-06T11:00,20.8,11.8,258,0,871.0,0.0
2023-07-06T12:00,21.4,10.7,256,0,894.0,0.0
2023-07-06T13:00,22.3,10.8,268,100,865.0,0.0
2023-07-06T14:00,22.4,14.0,282,100,746.0,0.0
2023-07-06T15:00,22.3,9.1,279,5,573.0,0.0
2023-07-06T16:00,22.2,7.2,270,78,462.0,0.0
2023-07-06T17:00,21.4,5.8,300,0,349.0,0.0
2023-07-06T18:00,20.8,5.4,290,0,224.0,0.0
2023-07-06T19:00,18.8,3.3,347,100,83.0,0.0
2023-07-06T20:00,16.4,5.1,352,0,7.0,0.0
2023-07-06T21:00,14.8,5.5,11,100,0.0,0.0
2023-07-06T22:00,13.9,5.1,45,0,0.0,0.0
2023-07-06T23:00,13.8,4.8,63,93,0.0,0.0
2023-07-07T00:00,12.5,6.1,45,85,0.0,0.0
2023-07-07T01:00,12.1,5.5,58,0,0.0,0.0
2023-07-07T02:00,11.6,4.3,66,0,0.0,0.0
2023-07-07T03:00,10.6,3.4,58,0,0.0,0.0
2023-07-07T04:00,10.4,2.9,60,0,13.0,0.0
2023-07-07T05:00,12.2,1.5,76,0,95.0,0.0
2023-07-07T06:00,15.0,3.0,104,0,240.0,0.0
2023-07-07T07:00,17.3,4.5,119,0,403.0,0.0
2023-07-07T08:00,19.9,4.8,103,0,562.0,0.0
2023-07-07T09:00,22.7,6.8,93,0,703.0,0.0
2023-07-07T10:00,24.6,7.4,119,0,813.0,0.0
2023-07-07T11:00,26.1,7.6,135,25,872.0,0.0
2023-07-07T12:00,26.0,3.6,53,3,887.0,0.0
2023-07-07T13:00,27.3,12.2,109,33,854.0,0.0
2023-07-07T14:00,27.7,10.9,171,47,720.0,0.0
2023-07-07T15:00,27.9,6.1,208,0,667.0,0.0
2023-07-07T16:00,27.6,2.2,180,0,533.0,0.0
2023-07-07T17:00,26.9,9.9,134,44,356.0,0.0
2023-07-07T18:00,25.9,6.9,118,0,216.0,0.0
2023-07-07T19:00,23.2,6.1,87,4,84.0,0.0
2023-07-07T20:00,19.9,6.9,51,0,6.0,0.0
2023-07-07T21:00,19.4,8.7,60,61,0.0,0.0
2023-07-07T22:00,19.9,10.4,70,100,0.0,0.0
2023-07-07T23:00,19.5,11.2,69,2,0.0,0.0
2023-07-08T00:00,17.7,7.7,79,0,0.0,0.0
2023-07-08T01:00,17.1,8.0,72,57,0.0,0.0
2023-07-08T02:00,16.6,6.9,81,9,0.0,0.0
2023-07-08T03:00,14.8,5.4,70,0,0.0,0.0
2023-07-08T04:00,14.4,4.5,76,100,12.0,0.0
2023-07-08T05:00,15.6,2.7,67,0,91.0,0.0
2023-07-08T06:00,18.4,4.9,126,0,234.0,0.0
2023-07-08T07:00,21.0,5.8,120,100,375.0,0.0
2023-07-08T08:00,23.0,6.3,121,93,435.0,0.0
2023-07-08T09:00,25.6,7.5,125,29,604.0,0.0
2023-07-08T10:00,28.3,10.2,141,0,788.0,0.0
2023-07-08T11:00,29.7,14.8,166,0,857.0,0.0
2023-07-08T12:00,29.8,12.4,150,61,870.0,0.0
2023-07-08T13:00,30.3,13.1,148,51,772.0,0.0
2023-07-08T14:00,30.6,15.0,169,30,736.0,0.0
2023-07-08T15:00,30.4,7.7,127,45,559.0,0.0
2023-07-08T16:00,30.2,8.3,124,42,512.0,0.0
2023-07-08T17:00,29.3,7.0,102,65,356.0,0.0
2023-07-08T18:00,27.7,4.4,55,37,199.0,0.0
2023-07-08T19:00,25.1,3.9,34,100,71.0,0.0
2023-07-08T20:00,24.2,5.7,35,74,5.0,0.0
2023-07-08T21:00,21.9,5.6,50,0,0.0,0.0
2023-07-08T22:00,21.7,5.1,51,100,0.0,0.0
2023-07-08T23:00,20.2,4.0,90,100,0.0,0.0
2023-07-09T00:00,19.5,2.6,106,100,0.0,0.0
2023-07-09T01:00,18.7,3.1,69,44,0.0,0.0
2023-07-09T02:00,17.5,2.3,141,100,0.0,0.0
2023-07-09T03:00,16.1,1.8,180,55,0.0,0.0
2023-07-09T04:00,16.0,1.5,166,0,11.0,0.0
2023-07-09T05:00,17.5,1.6,207,48,91.0,0.0
2023-07-09T06:00,19.4,3.6,143,38,224.0,0.0
2023-07-09T07:00,22.4,4.3,138,32,376.0,0.0
2023-07-09T08:00,25.0,4.6,162,24,527.0,0.0
2023-07-09T09:00,27.4,3.3,174,0,668.0,0.0
2023-07-09T10:00,29.9,6.2,173,0,775.0,0.0
2023-07-09T11:00,32.0,7.6,172,0,844.0,0.0
2023-07-09T12:00,32.4,5.1,231,35,781.0,0.0
2023-07-09T13:00,32.9,4.0,275,30,742.0,0.0
2023-07-09T14:00,32.7,1.4,180,0,739.0,0.0
2023-07-09T15:00,32.5,6.0,155,100,531.0,0.0
2023-07-09T16:00,32.3,8.3,185,100,385.0,0.0
2023-07-09T17:00,31.5,8.9,201,100,280.0,0.0
2023-07-09T18:00,27.6,5.2,295,100,133.0,0.0
2023-07-09T19:00,25.9,6.7,344,100,42.0,0.0
2023-07-09T20:00,23.9,15.5,324,100,3.0,0.0
2023-07-09T21:00,24.3,9.0,358,100,0.0,0.0
2023-07-09T22:00,22.6,5.8,4,100,0.0,0.0
2023-07-09T23:00,21.0,3.3,6,52,0.0,0.0
2023-07-10T00:00,20.7,4.6,288,93,0.0,0.0
2023-07-10T01:00,19.8,7.3,340,100,0.0,0.0
2023-07-10T02:00,20.0,7.6,3,88,0.0,0.3
2023-07-10T03:00,19.6,3.3,311,100,0.0,1.0
2023-07-10T04:00,18.6,5.4,323,100,9.0,0.0
2023-07-10T05:00,19.7,5.0,291,0,89.0,0.0
2023-07-10T06:00,20.7,11.0,308,21,226.0,0.0
2023-07-10T07:00,21.9,15.6,296,93,363.0,0.0
2023-07-10T08:00,22.6,16.4,296,88,401.0,0.0
2023-07-10T09:00,21.9,14.6,310,79,434.0,0.0
2023-07-10T10:00,23.5,14.4,302,79,552.0,0.0
2023-07-10T11:00,23.7,15.5,306,85,506.0,0.0
2023-07-10T12:00,24.5,13.2,313,100,530.0,0.0
2023-07-10T13:00,24.8,11.2,303,99,608.0,0.0
2023-07-10T14:00,25.7,12.4,306,41,619.0,0.0
2023-07-10T15:00,25.2,11.0,319,93,568.0,0.0
2023-07-10T16:00,25.3,12.6,323,39,460.0,0.0
2023-07-10T17:00,24.3,10.1,343,0,332.0,0.0
2023-07-10T18:00,23.4,9.8,343,5,214.0,0.0
2023-07-10T19:00,21.0,6.0,343,9,79.0,0.0
2023-07-10T20:00,18.5,6.4,333,0,5.0,0.0
2023-07-10T21:00,18.0,6.7,344,100,0.0,0.0
2023-07-10T22:00,17.7,4.3,360,92,0.0,0.0
2023-07-10T23:00,17.6,3.6,37,6,0.0,0.0
2023-07-11T00:00,16.4,3.1,54,78,0.0,0.0
2023-07-11T01:00,16.0,3.6,53,100,0.0,0.0
2023-07-11T02:00,15.6,3.4,72,0,0.0,0.0
2023-07-11T03:00,15.0,4.7,99,0,0.0,0.0
2023-07-11T04:00,14.5,3.4,108,0,10.0,0.0
2023-07-11T05:00,16.2,3.0,104,4,94.0,0.0
2023-07-11T06:00,18.3,5.9,137,65,226.0,0.0
2023-07-11T07:00,20.4,7.9,137,18,377.0,0.0
2023-07-11T08:00,22.5,9.6,146,0,537.0,0.0
2023-07-11T09:00,24.9,9.0,164,0,675.0,0.0
2023-07-11T10:00,27.3,9.8,197,100,770.0,0.0
2023-07-11T11:00,29.1,9.8,204,81,809.0,0.0
2023-07-11T12:00,30.2,18.4,215,39,778.0,0.0
2023-07-11T13:00,31.2,16.8,239,0,825.0,0.0
2023-07-11T14:00,32.3,15.9,231,4,732.0,0.0
2023-07-11T15:00,31.6,14.1,251,0,668.0,0.0
2023-07-11T16:00,31.7,10.0,218,14,527.0,0.0
2023-07-11T17:00,30.8,13.5,254,100,367.0,0.0
2023-07-11T18:00,28.8,8.7,246,100,169.0,0.0
2023-07-11T19:00,25.8,4.1,308,100,52.0,0.0
2023-07-11T20:00,25.4,2.2,81,100,4.0,0.0
2023-07-11T21:00,24.4,3.3,174,100,0.0,0.0
2023-07-11T22:00,23.3,5.0,210,100,0.0,0.0
2023-07-11T23:00,22.6,5.4,172,100,0.0,0.1
2023-07-12T00:00,22.1,21.0,231,100,0.0,0.0
2023-07-12T01:00,20.4,18.6,224,100,0.0,0.0
2023-07-12T02:00,19.4,13.2,215,100,0.0,0.0
2023-07-12T03:00,19.6,13.3,218,100,0.0,0.0
2023-07-12T04:00,19.4,16.6,221,100,4.0,0.0
2023-07-12T05:00,19.6,17.4,232,100,29.0,0.0
2023-07-12T06:00,20.0,14.3,252,100,39.0,0.1
2023-07-12T07:00,18.0,14.3,309,73,166.0,2.0
2023-07-12T08:00,20.0,9.0,265,18,509.0,0.0
2023-07-12T09:00,20.9,15.6,285,34,638.0,0.0
2023-07-12T10:00,22.0,17.6,269,91,694.0,0.0
2023-07-12T11:00,22.5,17.3,275,57,594.0,0.0
2023-07-12T12:00,23.6,16.9,268,64,678.0,0.0
2023-07-12T13:00,24.2,17.0,265,99,724.0,0.0
2023-07-12T14:00,24.8,17.3,275,88,698.0,0.0
2023-07-12T15:00,24.8,15.5,275,0,632.0,0.0
2023-07-12T16:00,24.1,15.9,288,6,521.0,0.0
2023-07-12T17:00,23.2,13.2,292,90,366.0,0.0
2023-07-12T18:00,22.1,13.0,309,100,186.0,0.0
2023-07-12T19:00,20.1,10.2,321,25,65.0,0.0
2023-07-12T20:00,18.0,6.4,313,100,5.0,0.0
2023-07-12T21:00,16.3,6.9,317,83,0.0,0.0
2023-07-12T22:00,15.5,6.2,324,52,0.0,0.0
2023-07-12T23:00,15.4,3.3,283,100,0.0,0.0
2023-07-13T00:00,14.7,6.6,315,72,0.0,0.0
2023-07-13T01:00,14.2,6.9,313,58,0.0,0.0
2023-07-13T02:00,13.6,4.8,318,58,0.0,0.0
2023-07-13T03:00,13.3,4.7,274,10,0.0,0.0
2023-07-13T04:00,12.4,4.6,288,61,7.0,0.0
2023-07-13T05:00,14.1,3.6,276,94,87.0,0.0
2023-07-13T06:00,16.2,6.3,257,53,216.0,0.0
2023-07-13T07:00,17.5,10.5,276,0,391.0,0.0
2023-07-13T08:00,18.8,12.4,260,38,538.0,0.0
2023-07-13T09:00,19.7,14.0,258,98,588.0,0.0
2023-07-13T10:00,20.6,15.5,269,97,558.0,0.0
2023-07-13T11:00,21.6,16.2,271,100,548.0,0.0
2023-07-13T12:00,21.8,15.6,262,100,539.0,0.0
2023-07-13T13:00,22.2,17.3,266,97,627.0,0.0
2023-07-13T14:00,22.8,19.1,258,64,578.0,0.0
2023-07-13T15:00,22.2,14.4,270,94,576.0,0.0
2023-07-13T16:00,21.4,15.1,273,100,391.0,0.0
2023-07-13T17:00,21.1,12.0,279,100,319.0,0.0
2023-07-13T18:00,19.9,11.1,283,100,121.0,0.0
2023-07-13T19:00,17.9,12.4,334,58,38.0,0.0
2023-07-13T20:00,15.6,9.7,338,100,4.0,0.0
2023-07-13T21:00,14.7,6.6,338,53,0.0,0.0
2023-07-13T22:00,14.1,2.2,270,96,0.0,0.0
2023-07-13T23:00,13.7,1.8,259,56,0.0,0.0
2023-07-14T00:00,13.1,2.6,236,100,0.0,0.0
2023-07-14T01:00,12.9,2.7,157,55,0.0,0.1
2023-07-14T02:00,12.2,2.4,207,0,0.0,0.0
2023-07-14T03:00,11.4,3.3,167,30,0.0,0.0
2023-07-14T04:00,11.5,1.1,198,92,8.0,0.0
2023-07-14T05:00,12.3,2.9,150,100,71.0,0.0
2023-07-14T06:00,14.4,3.9,146,77,167.0,0.0
2023-07-14T07:00,17.0,4.8,153,8,369.0,0.0
2023-07-14T08:00,19.1,7.7,152,100,525.0,0.0
2023-07-14T09:00,21.0,7.3,171,92,550.0,0.0
2023-07-14T10:00,22.2,10.5,196,49,663.0,0.0
2023-07-14T11:00,23.8,12.1,217,100,677.0,0.0
2023-07-14T12:00,23.1,10.0,193,100,520.0,0.0
2023-07-14T13:00,24.5,11.5,200,98,536.0,0.0
2023-07-14T14:00,24.1,10.7,168,100,448.0,0.0
2023-07-14T15:00,24.8,12.6,182,93,439.0,0.0
2023-07-14T16:00,25.2,9.8,204,40,399.0,0.0
2023-07-14T17:00,24.6,7.3,189,15,359.0,0.0
2023-07-14T18:00,23.9,7.4,151,100,199.0,0.0
2023-07-14T19:00,21.7,4.3,114,55,67.0,0.0
2023-07-14T20:00,20.2,4.7,94,21,4.0,0.0
2023-07-14T21:00,19.5,4.6,129,41,0.0,0.0
2023-07-14T22:00,18.5,5.2,124,48,0.0,0.0
2023-07-14T23:00,17.5,5.1,129,15,0.0,0.0
2023-07-15T00:00,16.9,5.0,120,0,0.0,0.0
2023-07-15T01:00,16.2,3.8,131,39,0.0,0.0
2023-07-15T02:00,15.5,4.6,129,33,0.0,0.0
2023-07-15T03:00,14.7,4.1,142,8,0.0,0.0
2023-07-15T04:00,14.8,4.8,132,0,7.0,0.0
2023-07-15T05:00,15.6,4.4,125,100,82.0,0.0
2023-07-15T06:00,18.7,6.6,139,62,216.0,0.0
2023-07-15T07:00,20.9,8.0,153,3,369.0,0.0
2023-07-15T08:00,23.8,11.4,152,100,501.0,0.0
2023-07-15T09:00,27.4,10.9,171,100,472.0,0.0
2023-07-15T10:00,28.3,15.4,217,100,460.0,0.0
2023-07-15T11:00,28.2,12.4,248,100,384.0,0.0
2023-07-15T12:00,27.4,9.1,252,100,390.0,0.0
2023-07-15T13:00,29.4,17.9,208,100,437.0,0.0
2023-07-15T14:00,29.6,17.3,225,100,522.0,0.0
2023-07-15T15:00,27.6,17.3,222,100,350.0,0.0
2023-07-15T16:00,25.6,20.7,257,100,121.0,0.0
2023-07-15T17:00,22.0,19.9,248,100,72.0,0.0
2023-07-15T18:00,22.0,8.8,199,71,61.0,0.9
2023-07-15T19:00,21.0,6.1,152,24,45.0,0.0
2023-07-15T20:00,20.1,4.5,166,68,3.0,0.0
2023-07-15T21:00,19.6,5.9,191,100,0.0,0.0
2023-07-15T22:00,19.3,8.8,199,100,0.0,0.1
2023-07-15T23:00,18.5,7.5,197,100,0.0,0.1
2023-07-16T00:00,18.2,9.7,184,100,0.0,0.2
2023-07-16T01:00,18.5,13.6,202,100,0.0,0.1
2023-07-16T02:00,18.0,14.2,207,100,0.0,0.7
2023-07-16T03:00,17.6,14.3,229,50,0.0,0.0
2023-07-16T04:00,17.0,16.4,230,46,6.0,0.0
2023-07-16T05:00,16.8,14.6,232,69,77.0,0.0
2023-07-16T06:00,17.5,16.6,231,42,190.0,0.0
2023-07-16T07:00,18.4,19.7,239,95,335.0,0.0
2023-07-16T08:00,19.5,19.9,235,38,504.0,0.0
2023-07-16T09:00,20.7,19.9,229,97,657.0,0.0
2023-07-16T10:00,21.9,21.4,229,68,776.0,0.0
2023-07-16T11:00,22.2,22.9,224,66,704.0,0.0
2023-07-16T12:00,22.8,20.6,223,7,762.0,0.0
2023-07-16T13:00,23.4,20.4,225,9,786.0,0.0
2023-07-16T14:00,24.1,17.2,233,0,761.0,0.0
2023-07-16T15:00,24.6,17.0,234,5,590.0,0.0
2023-07-16T16:00,24.0,16.9,232,0,529.0,0.0
2023-07-16T17:00,23.1,11.8,239,93,353.0,0.0
2023-07-16T18:00,22.1,7.9,219,28,178.0,0.0
2023-07-16T19:00,20.0,5.0,249,86,67.0,0.0
2023-07-16T20:00,17.6,5.7,252,0,3.0,0.0
2023-07-16T21:00,16.8,5.9,256,0,0.0,0.0
2023-07-16T22:00,15.8,4.5,256,0,0.0,0.0
2023-07-16T23:00,14.9,4.8,257,0,0.0,0.0
2023-07-17T00:00,14.3,4.3,222,67,0.0,0.0
2023-07-17T01:00,14.2,4.5,209,81,0.0,0.0
2023-07-17T02:00,14.1,3.0,194,55,0.0,0.0
2023-07-17T03:00,12.3,3.7,169,8,0.0,0.0
2023-07-17T04:00,11.9,4.0,170,0,7.0,0.0
2023-07-17T05:00,13.7,4.7,184,0,85.0,0.0
2023-07-17T06:00,16.9,9.2,225,0,224.0,0.0
2023-07-17T07:00,18.4,10.8,240,16,386.0,0.0
2023-07-17T08:00,20.1,10.6,242,41,538.0,0.0
2023-07-17T09:00,21.6,15.3,246,29,556.0,0.0
2023-07-17T10:00,22.5,15.9,245,100,636.0,0.0
2023-07-17T11:00,22.5,20.2,248,61,595.0,0.0
2023-07-17T12:00,23.3,16.2,258,95,618.0,0.0
2023-07-17T13:00,23.6,19.3,256,80,684.0,0.0
2023-07-17T14:00,23.3,14.9,263,57,497.0,0.0
2023-07-17T15:00,23.6,17.4,263,41,572.0,0.0
2023-07-17T16:00,23.0,14.3,288,6,438.0,0.0
2023-07-17T17:00,22.2,13.4,275,58,311.0,0.0
2023-07-17T18:00,21.4,12.4,287,76,160.0,0.0
2023-07-17T19:00,16.8,28.4,331,70,40.0,0.0
2023-07-17T20:00,14.2,15.0,333,0,2.0,0.0
2023-07-17T21:00,13.6,13.6,328,52,0.0,0.0
2023-07-17T22:00,13.0,7.0,325,14,0.0,0.0
2023-07-17T23:00,11.6,2.2,279,19,0.0,0.0
2023-07-18T00:00,10.5,2.9,277,75,0.0,0.0
2023-07-18T01:00,10.4,3.6,276,73,0.0,0.0
2023-07-18T02:00,10.0,4.0,280,67,0.0,0.0
2023-07-18T03:00,9.6,4.8,283,41,0.0,0.0
2023-07-18T04:00,9.4,2.6,236,40,7.0,0.0
2023-07-18T05:00,10.8,2.2,171,0,85.0,0.0
2023-07-18T06:00,13.3,3.0,166,0,228.0,0.0
2023-07-18T07:00,15.8,5.1,176,0,387.0,0.0
2023-07-18T08:00,17.8,5.1,176,100,540.0,0.0
2023-07-18T09:00,20.3,4.1,225,18,664.0,0.0
2023-07-18T10:00,21.8,6.4,254,0,781.0,0.0
2023-07-18T11:00,22.7,9.4,270,100,828.0,0.0
2023-07-18T12:00,22.7,9.4,266,87,693.0,0.0
2023-07-18T13:00,23.1,9.2,312,36,672.0,0.0
2023-07-18T14:00,24.2,7.2,243,94,652.0,0.0
2023-07-18T15:00,24.0,8.7,277,0,613.0,0.0
2023-07-18T16:00,23.9,6.5,236,23,517.0,0.0
2023-07-18T17:00,23.0,7.1,330,14,363.0,0.0
2023-07-18T18:00,22.1,8.5,324,45,207.0,0.0
2023-07-18T19:00,19.5,5.6,345,96,68.0,0.0
2023-07-18T20:00,18.2,5.1,352,100,3.0,0.0
2023-07-18T21:00,17.1,5.1,356,0,0.0,0.0
2023-07-18T22:00,16.2,3.8,343,26,0.0,0.0
2023-07-18T23:00,16.0,4.4,55,73,0.0,0.0
2023-07-19T00:00,15.5,5.0,30,27,0.0,0.0
2023-07-19T01:00,15.5,3.9,34,100,0.0,0.0
2023-07-19T02:00,14.8,3.2,360,68,0.0,0.0
2023-07-19T03:00,12.8,3.8,319,68,0.0,0.0
2023-07-19T04:00,13.2,1.8,281,100,4.0,0.0
2023-07-19T05:00,14.2,1.4,270,100,26.0,0.0
2023-07-19T06:00,15.8,2.4,153,100,110.0,0.0
2023-07-19T07:00,17.7,3.8,197,63,303.0,0.0
2023-07-19T08:00,20.9,6.0,253,68,394.0,0.0
2023-07-19T09:00,23.1,10.9,297,100,607.0,0.0
2023-07-19T10:00,24.1,10.0,285,83,656.0,0.0
2023-07-19T11:00,23.7,11.3,307,70,483.0,0.0
2023-07-19T12:00,22.3,10.9,316,99,518.0,0.0
2023-07-19T13:00,21.8,16.9,1,89,329.0,0.0
2023-07-19T14:00,21.0,13.7,346,100,385.0,0.0
2023-07-19T15:00,20.0,9.5,331,100,474.0,0.0
2023-07-19T16:00,19.3,6.6,319,100,202.0,0.0
2023-07-19T17:00,19.8,3.6,307,100,158.0,0.0
2023-07-19T18:00,19.2,3.9,202,100,109.0,0.0
2023-07-19T19:00,17.6,3.3,221,100,44.0,0.0
2023-07-19T20:00,17.0,13.6,323,78,2.0,0.1
2023-07-19T21:00,15.7,9.1,326,100,0.0,0.0
2023-07-19T22:00,15.5,7.2,323,92,0.0,0.0
2023-07-19T23:00,13.6,4.3,318,49,0.0,0.0
2023-07-20T00:00,12.5,4.6,309,51,0.0,0.0
2023-07-20T01:00,12.0,4.8,283,60,0.0,0.0
2023-07-20T02:00,12.5,4.6,288,100,0.0,0.0
2023-07-20T03:00,11.8,3.7,299,50,0.0,0.0
2023-07-20T04:00,11.8,4.5,284,84,3.0,0.0
2023-07-20T05:00,13.7,2.5,262,42,62.0,0.0
2023-07-20T06:00,15.2,7.1,246,88,161.0,0.0
2023-07-20T07:00,15.7,10.0,255,96,175.0,0.0
2023-07-20T08:00,17.2,13.1,261,88,277.0,0.0
2023-07-20T09:00,18.1,13.2,281,94,388.0,0.0
2023-07-20T10:00,15.5,13.0,314,100,229.0,1.0
2023-07-20T11:00,17.3,14.0,318,88,378.0,0.0
2023-07-20T12:00,18.2,11.7,315,94,613.0,0.0
2023-07-20T13:00,19.2,11.5,319,89,643.0,0.0
2023-07-20T14:00,19.0,8.2,319,100,538.0,0.0
2023-07-20T15:00,19.3,8.0,324,100,486.0,0.0
2023-07-20T16:00,19.0,8.4,320,100,297.0,0.0
2023-07-20T17:00,18.7,6.0,327,100,161.0,0.0
2023-07-20T18:00,18.3,4.6,309,100,150.0,0.0
2023-07-20T19:00,15.9,4.5,299,78,62.0,0.0
2023-07-20T20:00,15.0,5.2,335,79,2.0,0.0
2023-07-20T21:00,14.8,4.3,336,100,0.0,0.0
2023-07-20T22:00,14.6,3.6,360,100,0.0,0.0
2023-07-20T23:00,14.7,2.0,45,100,0.0,0.0
2023-07-21T00:00,13.7,3.3,96,100,0.0,0.0
2023-07-21T01:00,13.4,2.9,83,100,0.0,0.0
2023-07-21T02:00,12.8,3.1,54,100,0.0,0.0
2023-07-21T03:00,12.2,4.5,104,100,0.0,0.7
2023-07-21T04:00,11.9,4.0,360,100,2.0,0.2
2023-07-21T05:00,12.5,1.9,338,100,21.0,0.2
2023-07-21T06:00,12.3,2.6,106,100,50.0,1.0
2023-07-21T07:00,12.6,4.1,135,100,85.0,0.2
2023-07-21T08:00,13.6,4.5,151,100,143.0,0.0
2023-07-21T09:00,15.6,3.4,162,100,270.0,0.0
2023-07-21T10:00,17.0,5.1,188,100,507.0,0.0
2023-07-21T11:00,18.2,5.8,248,100,449.0,0.0
2023-07-21T12:00,18.8,6.6,257,100,519.0,0.0
2023-07-21T13:00,19.6,9.8,242,100,488.0,0.0
2023-07-21T14:00,18.2,11.0,238,100,237.0,0.1
2023-07-21T15:00,16.3,13.2,225,100,185.0,0.3
2023-07-21T16:00,16.5,14.2,261,99,236.0,0.1
2023-07-21T17:00,15.7,11.4,242,83,151.0,0.2
2023-07-21T18:00,14.6,12.2,256,82,146.0,0.0
2023-07-21T19:00,14.1,8.4,263,93,48.0,0.0
2023-07-21T20:00,13.9,6.5,264,100,1.0,0.0
2023-07-21T21:00,13.4,6.2,277,100,0.0,0.0
2023-07-21T22:00,13.0,6.8,267,55,0.0,0.0
2023-07-21T23:00,12.3,7.7,259,0,0.0,0.0
2023-07-22T00:00,12.2,8.1,257,0,0.0,0.0
2023-07-22T01:00,11.6,6.5,264,2,0.0,0.0
2023-07-22T02:00,10.7,5.8,263,0,0.0,0.0
2023-07-22T03:00,10.3,5.4,262,0,0.0,0.0
2023-07-22T04:00,10.4,5.0,249,22,5.0,0.0
2023-07-22T05:00,11.5,5.3,242,79,70.0,0.0
2023-07-22T06:00,12.7,5.6,220,100,158.0,0.0
2023-07-22T07:00,14.7,9.4,227,0,352.0,0.0
2023-07-22T08:00,16.2,12.8,232,93,514.0,0.0
2023-07-22T09:00,17.5,14.3,245,100,572.0,0.0
2023-07-22T10:00,19.0,14.9,250,100,513.0,0.0
2023-07-22T11:00,19.9,17.4,243,100,670.0,0.0
2023-07-22T12:00,20.0,15.0,246,99,538.0,0.0
2023-07-22T13:00,20.7,13.6,238,99,437.0,0.0
2023-07-22T14:00,20.9,16.7,233,87,479.0,0.0
2023-07-22T15:00,21.3,17.6,244,84,385.0,0.0
2023-07-22T16:00,21.7,16.4,244,82,372.0,0.0
2023-07-22T17:00,21.0,11.4,235,83,235.0,0.0
2023-07-22T18:00,20.7,7.8,214,100,149.0,0.0
2023-07-22T19:00,18.8,5.4,250,100,54.0,0.0
2023-07-22T20:00,16.7,5.2,282,100,2.0,0.0
2023-07-22T21:00,15.8,5.7,252,100,0.0,0.0
2023-07-22T22:00,16.4,5.8,240,100,0.0,0.0
2023-07-22T23:00,16.4,6.0,245,100,0.0,0.0
2023-07-23T00:00,15.9,6.0,245,100,0.0,0.0
2023-07-23T01:00,14.7,3.9,248,99,0.0,0.0
2023-07-23T02:00,14.4,2.2,180,99,0.0,0.0
2023-07-23T03:00,13.8,3.1,135,72,0.0,0.0
2023-07-23T04:00,13.0,4.1,142,94,3.0,0.0
2023-07-23T05:00,13.9,4.9,163,100,54.0,0.0
2023-07-23T06:00,16.5,6.1,180,100,159.0,0.0
2023-07-23T07:00,19.0,11.2,182,79,296.0,0.0
2023-07-23T08:00,21.1,19.5,205,87,452.0,0.0
2023-07-23T09:00,21.1,22.4,222,100,492.0,0.0
2023-07-23T10:00,21.1,18.3,223,100,283.0,0.0
2023-07-23T11:00,21.5,20.2,231,99,305.0,0.0
2023-07-23T12:00,20.2,21.9,226,100,184.0,0.1
2023-07-23T13:00,20.1,17.6,226,100,299.0,0.0
2023-07-23T14:00,20.9,9.9,213,99,234.0,0.1
2023-07-23T15:00,22.4,14.9,233,79,228.0,0.0
2023-07-23T16:00,22.6,15.6,251,98,266.0,0.0
2023-07-23T17:00,21.7,9.6,250,98,150.0,0.0
2023-07-23T18:00,20.8,13.1,262,100,33.0,0.0
2023-07-23T19:00,19.1,8.9,243,99,20.0,0.2
2023-07-23T20:00,18.4,15.9,245,100,0.0,0.0
2023-07-23T21:00,18.0,10.9,253,89,0.0,0.0
2023-07-23T22:00,16.9,5.1,231,99,0.0,0.0
2023-07-23T23:00,16.7,4.1,232,100,0.0,0.0
2023-07-24T00:00,16.2,4.3,175,100,0.0,0.1
2023-07-24T01:00,15.5,4.7,180,100,0.0,0.0
2023-07-24T02:00,15.8,5.8,187,77,0.0,0.0
2023-07-24T03:00,15.9,4.1,195,100,0.0,0.0
2023-07-24T04:00,15.2,4.7,184,68,3.0,0.0
2023-07-24T05:00,16.2,5.2,168,82,50.0,0.0
2023-07-24T06:00,18.1,7.4,194,100,147.0,0.0
2023-07-24T07:00,20.3,14.3,229,100,257.0,0.0
2023-07-24T08:00,21.9,16.4,220,100,322.0,0.0
2023-07-24T09:00,21.0,20.5,239,100,294.0,0.0
2023-07-24T10:00,22.1,19.2,244,100,379.0,0.0
2023-07-24T11:00,20.8,18.5,246,100,205.0,0.1
2023-07-24T12:00,24.8,16.1,231,100,353.0,0.1
2023-07-24T13:00,24.7,19.9,225,100,476.0,0.0
2023-07-24T14:00,25.4,18.7,236,18,429.0,0.0
2023-07-24T15:00,24.2,21.7,259,100,413.0,0.0
2023-07-24T16:00,18.1,16.5,250,93,145.0,5.7
2023-07-24T17:00,20.0,10.8,244,76,287.0,0.0
2023-07-24T18:00,17.7,5.8,270,98,86.0,0.5
2023-07-24T19:00,17.2,6.2,249,100,28.0,0.0
2023-07-24T20:00,16.5,9.4,263,54,1.0,0.0
2023-07-24T21:00,15.4,9.7,272,80,0.0,0.0
2023-07-24T22:00,15.1,8.4,263,32,0.0,0.0
2023-07-24T23:00,14.1,7.2,270,35,0.0,0.0
2023-07-25T00:00,13.4,6.9,264,69,0.0,0.0
2023-07-25T01:00,13.0,6.8,267,77,0.0,0.0
2023-07-25T02:00,12.7,5.5,293,100,0.0,0.0
2023-07-25T03:00,12.4,4.8,318,100,0.0,0.0
2023-07-25T04:00,12.3,3.3,319,99,1.0,0.0
2023-07-25T05:00,13.5,2.2,279,98,30.0,0.0
2023-07-25T06:00,13.5,1.8,281,100,66.0,0.0
2023-07-25T07:00,13.9,6.8,335,100,73.0,0.2
2023-07-25T08:00,14.4,7.4,346,100,173.0,0.0
2023-07-25T09:00,16.1,5.8,4,94,163.0,0.0
2023-07-25T10:00,14.9,7.9,313,100,200.0,0.4
2023-07-25T11:00,14.0,14.3,332,100,105.0,2.7
2023-07-25T12:00,14.7,14.1,341,100,191.0,1.8
2023-07-25T13:00,14.1,10.2,342,100,192.0,0.4
2023-07-25T14:00,14.7,11.1,347,100,204.0,0.1
2023-07-25T15:00,16.3,8.2,337,100,320.0,0.0
2023-07-25T16:00,16.0,9.5,331,100,249.0,0.0
2023-07-25T17:00,16.1,13.4,329,100,210.0,0.0
2023-07-25T18:00,15.1,13.6,323,100,111.0,0.0
2023-07-25T19:00,14.0,12.0,309,100,37.0,0.0
2023-07-25T20:00,13.6,11.6,300,100,1.0,0.0
2023-07-25T21:00,13.1,10.4,290,100,0.0,0.0
2023-07-25T22:00,12.7,12.7,299,100,0.0,0.0
2023-07-25T23:00,12.2,13.6,310,100,0.0,0.0
2023-07-26T00:00,11.6,11.7,315,100,0.0,0.0
2023-07-26T01:00,10.9,10.5,311,100,0.0,0.0
2023-07-26T02:00,10.4,7.9,300,100,0.0,0.0
2023-07-26T03:00,9.2,5.6,297,97,0.0,0.0
2023-07-26T04:00,8.6,4.0,275,99,2.0,0.0
2023-07-26T05:00,9.8,2.2,270,98,34.0,0.0
2023-07-26T06:00,11.1,4.9,216,99,96.0,0.0
2023-07-26T07:00,12.1,10.9,243,99,166.0,0.0
2023-07-26T08:00,12.7,13.9,253,100,223.0,0.0
2023-07-26T09:00,13.9,11.0,251,100,262.0,0.1
2023-07-26T10:00,14.1,14.2,246,100,330.0,0.1
2023-07-26T11:00,16.1,13.8,250,100,458.0,0.0
2023-07-26T12:00,16.3,12.0,279,91,550.0,0.0
2023-07-26T13:00,17.0,12.8,259,82,504.0,0.0
2023-07-26T14:00,18.0,10.2,262,98,572.0,0.0
2023-07-26T15:00,17.0,13.4,278,41,224.0,0.2
2023-07-26T16:00,17.6,12.6,268,91,396.0,0.0
2023-07-26T17:00,17.2,10.4,270,85,202.0,0.0
2023-07-26T18:00,14.0,12.8,281,100,71.0,0.9
2023-07-26T19:00,12.8,5.1,278,0,30.0,0.3
2023-07-26T20:00,11.5,4.6,288,53,1.0,0.0
2023-07-26T21:00,11.2,3.6,264,77,0.0,0.0
2023-07-26T22:00,10.9,2.9,180,74,0.0,0.0
2023-07-26T23:00,10.7,4.2,200,43,0.0,0.0
2023-07-27T00:00,10.4,3.7,169,100,0.0,0.0
2023-07-27T01:00,10.2,4.0,180,100,0.0,0.0
2023-07-27T02:00,10.8,5.9,169,100,0.0,0.0
2023-07-27T03:00,10.4,4.8,167,100,0.0,0.0
2023-07-27T04:00,10.1,5.8,150,100,1.0,0.0
2023-07-27T05:00,10.6,5.8,150,100,32.0,0.0
2023-07-27T06:00,11.2,7.4,141,100,62.0,0.0
2023-07-27T07:00,11.5,7.4,151,100,82.0,0.7
2023-07-27T08:00,12.0,8.1,148,100,71.0,2.2
2023-07-27T09:00,13.6,12.5,162,100,136.0,1.3
2023-07-27T10:00,13.7,14.2,187,100,89.0,2.3
2023-07-27T11:00,14.1,14.8,194,100,77.0,0.9
2023-07-27T12:00,14.3,16.5,212,100,75.0,0.9
2023-07-27T13:00,14.6,14.6,213,100,116.0,1.3
2023-07-27T14:00,14.6,15.8,215,100,96.0,0.2
2023-07-27T15:00,15.6,13.6,217,100,50.0,0.1
2023-07-27T16:00,15.8,15.3,221,100,86.0,0.2
2023-07-27T17:00,15.6,14.3,231,100,34.0,2.0
2023-07-27T18:00,16.2,14.8,241,100,15.0,0.7
2023-07-27T19:00,16.2,14.9,238,100,8.0,0.1
2023-07-27T20:00,16.0,11.9,241,100,0.0,0.2
2023-07-27T21:00,16.4,13.6,238,100,0.0,0.1
2023-07-27T22:00,16.1,13.7,243,100,0.0,0.2
2023-07-27T23:00,15.7,12.4,240,100,0.0,0.5
2023-07-28T00:00,15.8,14.2,240,100,0.0,2.0
2023-07-28T01:00,15.4,14.5,247,100,0.0,1.7
2023-07-28T02:00,15.1,10.8,240,100,0.0,2.6
2023-07-28T03:00,15.3,12.6,246,100,0.0,1.8
2023-07-28T04:00,15.1,12.6,243,99,1.0,0.0
2023-07-28T05:00,15.4,12.6,243,89,28.0,0.0
2023-07-28T06:00,16.1,15.0,249,95,95.0,0.0
2023-07-28T07:00,16.7,15.5,258,99,148.0,0.0
2023-07-28T08:00,17.1,13.0,246,100,139.0,0.0
2023-07-28T09:00,18.1,16.7,256,93,240.0,0.0
2023-07-28T10:00,18.4,12.1,247,94,218.0,0.0
2023-07-28T11:00,20.1,15.3,255,83,323.0,0.0
2023-07-28T12:00,20.5,13.5,254,85,563.0,0.0
2023-07-28T13:00,21.1,12.1,260,100,436.0,0.0
2023-07-28T14:00,22.0,15.1,267,100,453.0,0.0
2023-07-28T15:00,22.5,14.4,257,100,469.0,0.0
2023-07-28T16:00,21.8,12.6,239,100,289.0,0.0
2023-07-28T17:00,19.9,14.3,236,100,135.0,0.0
2023-07-28T18:00,19.0,12.2,225,100,37.0,0.3
2023-07-28T19:00,18.2,10.6,215,100,20.0,0.0
2023-07-28T20:00,17.7,8.8,235,100,0.0,0.0
2023-07-28T21:00,17.8,7.9,227,100,0.0,0.0
2023-07-28T22:00,17.5,7.7,229,84,0.0,0.0
2023-07-28T23:00,17.3,8.7,225,75,0.0,0.0
2023-07-29T00:00,17.1,8.5,234,100,0.0,0.0
2023-07-29T01:00,16.8,6.9,219,58,0.0,0.0
2023-07-29T02:00,16.5,7.6,199,97,0.0,0.0
2023-07-29T03:00,17.0,7.2,198,86,0.0,0.0
2023-07-29T04:00,16.9,8.0,190,100,0.0,0.1
2023-07-29T05:00,17.1,10.4,194,100,12.0,0.0
2023-07-29T06:00,17.9,13.9,201,100,60.0,0.0
2023-07-29T07:00,18.2,12.0,219,100,74.0,0.1
2023-07-29T08:00,18.2,14.5,226,100,84.0,0.2
2023-07-29T09:00,18.3,13.8,231,100,102.0,0.4
2023-07-29T10:00,20.0,15.0,243,84,351.0,0.0
2023-07-29T11:00,21.1,17.6,239,100,618.0,0.0
2023-07-29T12:00,21.6,15.6,247,95,517.0,0.0
2023-07-29T13:00,19.1,15.5,248,100,321.0,0.9
2023-07-29T14:00,19.9,10.8,255,67,323.0,0.4
2023-07-29T15:00,21.6,14.4,267,41,534.0,0.0
2023-07-29T16:00,21.4,13.0,275,39,418.0,0.0
2023-07-29T17:00,20.9,9.6,250,100,295.0,0.0
2023-07-29T18:00,20.4,6.4,243,39,127.0,0.0
2023-07-29T19:00,18.8,5.6,255,39,43.0,0.0
2023-07-29T20:00,17.5,4.8,283,75,0.0,0.0
2023-07-29T21:00,16.3,3.3,264,69,0.0,0.0
2023-07-29T22:00,16.1,3.1,225,100,0.0,0.0
2023-07-29T23:00,16.1,2.7,157,100,0.0,0.0
2023-07-30T00:00,15.5,1.8,191,100,0.0,0.0
2023-07-30T01:00,16.0,1.1,252,100,0.0,0.0
2023-07-30T02:00,15.5,4.1,255,100,0.0,0.0
2023-07-30T03:00,15.4,4.3,265,100,0.0,0.0
2023-07-30T04:00,15.3,8.6,272,69,1.0,0.0
2023-07-30T05:00,15.4,7.6,262,0,55.0,0.0
2023-07-30T06:00,16.6,9.4,252,34,189.0,0.0
2023-07-30T07:00,17.7,14.9,262,98,337.0,0.0
2023-07-30T08:00,18.6,16.0,261,94,380.0,0.0
2023-07-30T09:00,19.3,15.5,248,100,317.0,0.0
2023-07-30T10:00,18.1,14.5,247,100,178.0,0.1
2023-07-30T11:00,17.5,10.0,257,100,112.0,0.2
2023-07-30T12:00,16.0,19.5,286,100,101.0,0.3
2023-07-30T13:00,16.0,16.7,284,86,161.0,0.1
2023-07-30T14:00,18.0,16.6,268,90,379.0,0.0
2023-07-30T15:00,19.1,16.8,261,100,489.0,0.0
2023-07-30T16:00,17.8,18.5,257,98,305.0,0.0
2023-07-30T17:00,17.8,12.0,249,100,205.0,0.0
2023-07-30T18:00,17.7,11.1,245,100,142.0,0.0
2023-07-30T19:00,16.4,9.4,238,99,43.0,0.0
2023-07-30T20:00,15.5,8.7,240,100,0.0,0.0
2023-07-30T21:00,15.7,7.4,231,98,0.0,0.0
2023-07-30T22:00,15.8,10.2,231,100,0.0,0.0
2023-07-30T23:00,15.8,11.5,226,100,0.0,0.0
2023-07-31T00:00,15.5,12.5,231,100,0.0,0.1
2023-07-31T01:00,15.1,10.1,207,100,0.0,0.1
2023-07-31T02:00,14.9,13.8,219,100,0.0,0.5
2023-07-31T03:00,14.5,15.3,236,100,0.0,0.3
2023-07-31T04:00,14.5,12.0,226,100,0.0,0.6
2023-07-31T05:00,14.7,15.3,227,100,13.0,0.4
2023-07-31T06:00,15.2,15.1,230,100,38.0,0.3
2023-07-31T07:00,15.4,14.8,225,100,85.0,0.2
2023-07-31T08:00,15.8,16.4,218,100,122.0,0.1
2023-07-31T09:00,16.6,18.9,228,100,82.0,0.0
2023-07-31T10:00,17.3,21.0,235,100,257.0,0.3
2023-07-31T11:00,16.5,14.5,215,100,181.0,1.5
2023-07-31T12:00,17.7,22.6,233,99,157.0,0.9
2023-07-31T13:00,17.9,16.5,234,100,304.0,0.0
2023-07-31T14:00,18.9,15.9,232,99,179.0,0.0
2023-07-31T15:00,18.6,15.6,232,100,144.0,0.0
2023-07-31T16:00,18.9,14.2,240,100,131.0,0.0
2023-07-31T17:00,17.4,5.9,223,100,44.0,0.6
2023-07-31T18:00,18.1,15.8,235,100,19.0,0.9
2023-07-31T19:00,17.3,13.8,231,100,13.0,0.0
2023-07-31T20:00,16.8,15.0,215,100,0.0,0.1
2023-07-31T21:00,15.4,14.0,215,100,0.0,0.7
2023-07-31T22:00,15.3,15.1,205,100,0.0,1.4
2023-07-31T23:00,15.4,16.4,213,100,0.0,0.2
2023-08-01T00:00,15.1,15.6,214,100,0.0,0.0
2023-08-01T01:00,14.6,16.3,208,100,0.0,1.4
2023-08-01T02:00,14.8,14.0,203,100,0.0,2.0
2023-08-01T03:00,15.1,15.6,206,100,0.0,2.3
2023-08-01T04:00,15.3,16.6,221,100,0.0,4.8
2023-08-01T05:00,15.2,15.7,217,100,4.0,6.9
2023-08-01T06:00,15.8,18.5,246,100,17.0,0.8
2023-08-01T07:00,16.1,17.3,253,100,82.0,0.0
2023-08-01T08:00,16.0,16.6,275,100,166.0,0.0
2023-08-01T09:00,16.7,16.6,275,100,415.0,0.0
2023-08-01T10:00,17.7,15.5,270,97,540.0,0.0
2023-08-01T11:00,17.2,17.8,277,86,417.0,0.0
2023-08-01T12:00,18.2,17.3,266,89,408.0,0.0
2023-08-01T13:00,18.2,17.7,265,100,441.0,0.0
2023-08-01T14:00,18.8,17.3,268,100,424.0,0.0
2023-08-01T15:00,19.3,19.4,255,91,351.0,0.2
2023-08-01T16:00,15.3,13.8,276,100,127.0,5.5
2023-08-01T17:00,15.4,11.4,246,78,87.0,0.5
2023-08-01T18:00,15.7,13.6,258,100,126.0,0.0
2023-08-01T19:00,14.9,14.0,252,94,15.0,0.2
2023-08-01T20:00,14.7,10.6,246,100,0.0,0.1
2023-08-01T21:00,14.3,14.2,240,100,0.0,0.0
2023-08-01T22:00,14.0,13.7,243,94,0.0,0.0
2023-08-01T23:00,13.8,11.8,230,96,0.0,0.0
2023-08-02T00:00,13.3,9.4,223,33,0.0,0.0
2023-08-02T01:00,13.2,7.6,205,100,0.0,0.0
2023-08-02T02:00,13.5,7.6,199,100,0.0,0.2
2023-08-02T03:00,13.7,8.9,212,82,0.0,0.2
2023-08-02T04:00,13.5,10.8,201,100,0.0,0.0
2023-08-02T05:00,14.1,12.6,207,100,21.0,0.0
2023-08-02T06:00,14.7,14.6,213,100,69.0,0.0
2023-08-02T07:00,15.2,17.2,200,100,137.0,0.0
2023-08-02T08:00,15.1,14.9,188,100,100.0,0.2
2023-08-02T09:00,15.8,15.8,180,99,92.0,0.7
2023-08-02T10:00,15.3,15.2,176,100,94.0,0.0
2023-08-02T11:00,15.3,16.3,185,100,69.0,0.5
2023-08-02T12:00,16.0,18.5,173,100,131.0,0.1
2023-08-02T13:00,16.3,18.4,191,99,92.0,0.4
2023-08-02T14:00,16.7,16.8,190,98,78.0,0.5
2023-08-02T15:00,18.8,22.2,205,92,106.0,0.4
2023-08-02T16:00,18.9,25.1,205,100,250.0,0.0
2023-08-02T17:00,18.7,22.7,203,73,197.0,0.0
2023-08-02T18:00,17.4,19.4,202,53,120.0,0.0
2023-08-02T19:00,16.9,19.7,208,60,35.0,0.0
2023-08-02T20:00,17.2,20.4,212,60,0.0,0.0
2023-08-02T21:00,16.5,14.0,247,99,0.0,0.9
2023-08-02T22:00,16.0,7.7,208,100,0.0,0.0
2023-08-02T23:00,16.4,15.6,214,83,0.0,0.0
2023-08-03T00:00,15.9,17.3,216,77,0.0,0.0
2023-08-03T01:00,15.8,18.6,212,79,0.0,0.1
2023-08-03T02:00,15.7,24.9,214,75,0.0,0.2
2023-08-03T03:00,15.8,24.3,220,90,0.0,0.1
2023-08-03T04:00,15.4,25.5,220,69,0.0,0.0
2023-08-03T05:00,15.1,26.2,226,82,28.0,0.0
2023-08-03T06:00,15.3,25.5,226,76,96.0,0.1
2023-08-03T07:00,15.4,26.2,224,67,181.0,0.0
2023-08-03T08:00,16.0,28.1,230,65,262.0,0.0
2023-08-03T09:00,16.3,25.5,227,95,277.0,0.0
2023-08-03T10:00,16.6,26.7,224,93,265.0,0.0
2023-08-03T11:00,16.6,25.2,223,100,245.0,0.0
2023-08-03T12:00,16.5,22.7,224,98,237.0,0.0
2023-08-03T13:00,17.4,24.2,227,91,297.0,0.0
2023-08-03T14:00,17.3,25.2,233,100,331.0,0.0
2023-08-03T15:00,17.2,22.3,236,90,238.0,0.0
2023-08-03T16:00,17.0,18.7,232,68,199.0,0.0
2023-08-03T17:00,16.1,19.2,244,100,127.0,0.9
2023-08-03T18:00,16.5,16.8,247,98,49.0,0.8
2023-08-03T19:00,15.7,16.0,256,99,15.0,0.8
2023-08-03T20:00,15.3,12.4,262,95,0.0,0.0
2023-08-03T21:00,14.8,12.7,263,92,0.0,0.0
2023-08-03T22:00,14.5,11.4,257,72,0.0,0.0
2023-08-03T23:00,14.1,8.8,289,65,0.0,0.0
2023-08-04T00:00,14.2,5.2,286,93,0.0,0.0
2023-08-04T01:00,14.0,3.9,248,97,0.0,0.0
2023-08-04T02:00,14.2,5.9,281,100,0.0,0.0
2023-08-04T03:00,13.9,5.1,278,99,0.0,0.0
2023-08-04T04:00,13.7,6.2,291,100,0.0,0.0
2023-08-04T05:00,13.6,4.5,284,100,20.0,0.0
2023-08-04T06:00,14.2,7.4,309,97,65.0,0.0
2023-08-04T07:00,14.8,6.3,301,99,163.0,0.0
2023-08-04T08:00,15.3,5.2,295,100,199.0,0.0
2023-08-04T09:00,16.2,6.6,311,98,238.0,0.0
2023-08-04T10:00,16.4,8.2,319,100,314.0,0.0
2023-08-04T11:00,16.5,7.4,317,100,218.0,0.0
2023-08-04T12:00,17.4,8.9,313,100,302.0,0.0
2023-08-04T13:00,18.3,7.9,309,100,346.0,0.1
2023-08-04T14:00,18.4,8.0,333,100,390.0,0.0
2023-08-04T15:00,18.8,4.7,328,100,220.0,0.0
2023-08-04T16:00,18.4,4.8,312,100,143.0,0.0
2023-08-04T17:00,18.4,3.8,311,100,118.0,0.0
2023-08-04T18:00,18.2,2.5,278,95,98.0,0.0
2023-08-04T19:00,16.3,6.2,324,54,22.0,0.0
2023-08-04T20:00,15.4,9.6,326,100,0.0,0.0
2023-08-04T21:00,14.6,9.7,333,100,0.0,0.0
2023-08-04T22:00,13.8,7.4,321,100,0.0,0.0
2023-08-04T23:00,12.5,5.9,317,100,0.0,0.0
2023-08-05T00:00,11.9,4.5,331,100,0.0,0.0
2023-08-05T01:00,11.7,6.0,327,100,0.0,0.0
2023-08-05T02:00,12.1,5.2,326,100,0.0,0.0
2023-08-05T03:00,11.3,5.6,315,100,0.0,0.0
2023-08-05T04:00,10.9,3.9,326,100,0.0,0.0
2023-08-05T05:00,11.5,4.3,336,100,33.0,0.0
2023-08-05T06:00,13.3,5.1,4,100,131.0,0.0
2023-08-05T07:00,14.6,4.5,346,100,253.0,0.0
2023-08-05T08:00,15.9,3.3,77,76,335.0,0.0
2023-08-05T09:00,16.9,4.6,129,78,463.0,0.0
2023-08-05T10:00,18.0,5.3,152,100,562.0,0.0
2023-08-05T11:00,19.1,6.5,180,100,615.0,0.0
2023-08-05T12:00,19.9,7.0,168,88,686.0,0.0
2023-08-05T13:00,20.8,7.9,183,91,684.0,0.0
2023-08-05T14:00,20.9,7.1,204,96,477.0,0.0
2023-08-05T15:00,20.6,7.9,164,62,443.0,0.0
2023-08-05T16:00,20.5,8.4,173,60,338.0,0.0
2023-08-05T17:00,20.3,6.8,162,54,253.0,0.0
2023-08-05T18:00,18.5,9.0,151,71,125.0,0.0
2023-08-05T19:00,17.2,3.5,204,100,18.0,0.0
2023-08-05T20:00,15.8,8.7,275,99,0.0,0.4
2023-08-05T21:00,14.7,8.4,295,100,0.0,0.9
2023-08-05T22:00,13.9,5.8,353,100,0.0,0.4
2023-08-05T23:00,13.4,3.6,143,100,0.0,0.8
2023-08-06T00:00,12.9,3.9,112,100,0.0,0.0
2023-08-06T01:00,12.8,3.3,131,100,0.0,0.0
2023-08-06T02:00,12.9,4.0,117,100,0.0,0.0
2023-08-06T03:00,13.0,4.8,138,100,0.0,0.7
2023-08-06T04:00,12.9,5.6,130,97,0.0,0.0
2023-08-06T05:00,12.9,2.1,149,93,17.0,0.0
2023-08-06T06:00,13.3,5.1,141,79,66.0,0.0
2023-08-06T07:00,13.9,8.0,170,93,132.0,0.0
2023-08-06T08:00,15.0,10.0,201,98,223.0,0.0
2023-08-06T09:00,16.2,9.7,222,90,306.0,0.0
2023-08-06T10:00,16.6,8.8,215,99,359.0,0.1
2023-08-06T11:00,16.4,9.8,204,100,359.0,0.0
2023-08-06T12:00,15.8,8.7,222,100,330.0,0.1
2023-08-06T13:00,16.0,7.4,219,100,192.0,0.2
2023-08-06T14:00,15.9,9.1,236,100,249.0,0.2
2023-08-06T15:00,16.0,10.0,240,100,155.0,0.3
2023-08-06T16:00,15.4,13.7,267,100,218.0,0.1
2023-08-06T17:00,14.3,11.2,268,100,46.0,0.7
2023-08-06T18:00,13.9,20.8,288,100,7.0,2.4
2023-08-06T19:00,12.9,17.9,280,100,5.0,1.5
2023-08-06T20:00,12.6,15.7,281,100,0.0,0.9
2023-08-06T21:00,12.6,16.4,289,100,0.0,0.5
2023-08-06T22:00,12.6,17.7,297,100,0.0,0.2
2023-08-06T23:00,12.3,15.1,288,100,0.0,0.5
2023-08-07T00:00,12.0,21.1,297,100,0.0,0.4
2023-08-07T01:00,11.6,18.0,296,100,0.0,0.4
2023-08-07T02:00,11.5,18.7,286,100,0.0,0.0
2023-08-07T03:00,11.9,16.6,283,100,0.0,0.0
2023-08-07T04:00,11.7,16.7,277,100,0.0,0.0
2023-08-07T05:00,11.4,17.0,274,100,5.0,0.1
2023-08-07T06:00,11.9,17.0,274,100,34.0,0.1
2023-08-07T07:00,11.7,18.5,278,100,63.0,0.0
2023-08-07T08:00,11.9,21.4,278,100,76.0,0.0
2023-08-07T09:00,12.8,19.4,281,100,165.0,0.0
2023-08-07T10:00,13.2,20.8,280,100,229.0,0.0
2023-08-07T11:00,12.8,18.9,279,100,123.0,0.0
2023-08-07T12:00,14.0,21.2,288,100,245.0,0.1
2023-08-07T13:00,14.5,21.9,287,96,438.0,0.0
2023-08-07T14:00,14.1,20.5,280,100,316.0,0.0
2023-08-07T15:00,15.2,23.7,292,67,373.0,0.1
2023-08-07T16:00,15.1,16.5,280,10,382.0,0.0
2023-08-07T17:00,14.6,18.3,286,67,234.0,0.0
2023-08-07T18:00,13.7,14.7,281,4,122.0,0.0
2023-08-07T19:00,12.6,11.2,270,42,27.0,0.0
2023-08-07T20:00,11.7,10.6,260,0,0.0,0.0
2023-08-07T21:00,11.3,10.9,262,36,0.0,0.0
2023-08-07T22:00,11.0,11.0,259,89,0.0,0.0
2023-08-07T23:00,10.3,10.5,254,100,0.0,0.0
2023-08-08T00:00,10.6,10.2,260,100,0.0,0.0
2023-08-08T01:00,10.2,9.7,255,99,0.0,0.0
2023-08-08T02:00,10.5,8.4,245,100,0.0,0.0
2023-08-08T03:00,10.8,10.3,245,100,0.0,0.0
2023-08-08T04:00,10.9,12.8,238,100,0.0,0.1
2023-08-08T05:00,11.0,13.7,235,60,30.0,0.0
2023-08-08T06:00,11.8,16.8,242,89,110.0,0.0
2023-08-08T07:00,12.5,16.4,244,100,175.0,0.0
2023-08-08T08:00,13.9,17.4,243,100,253.0,0.0
2023-08-08T09:00,15.3,19.7,255,89,480.0,0.0
2023-08-08T10:00,16.2,19.1,250,97,547.0,0.0
2023-08-08T11:00,15.5,19.4,259,100,528.0,0.0
2023-08-08T12:00,15.7,18.9,261,100,263.0,0.0
2023-08-08T13:00,14.8,17.9,260,100,166.0,0.2
2023-08-08T14:00,15.4,17.5,261,100,301.0,0.0
2023-08-08T15:00,15.2,17.8,263,100,274.0,0.0
2023-08-08T16:00,15.1,16.6,257,100,202.0,0.0
2023-08-08T17:00,14.4,14.2,263,80,126.0,0.0
2023-08-08T18:00,13.9,13.6,258,96,118.0,0.0
2023-08-08T19:00,13.2,12.1,253,100,19.0,0.0
2023-08-08T20:00,12.5,8.8,258,100,0.0,0.0
2023-08-08T21:00,12.6,9.4,252,100,0.0,0.0
2023-08-08T22:00,12.9,8.4,245,100,0.0,0.0
2023-08-08T23:00,12.6,7.6,239,100,0.0,0.8
2023-08-09T00:00,12.4,7.1,210,100,0.0,1.3
2023-08-09T01:00,12.1,6.8,198,100,0.0,0.7
2023-08-09T02:00,12.2,9.2,239,100,0.0,0.7
2023-08-09T03:00,12.4,12.6,257,100,0.0,1.0
2023-08-09T04:00,12.4,7.9,309,98,0.0,1.0
2023-08-09T05:00,12.0,6.5,360,92,6.0,0.1
2023-08-09T06:00,12.1,4.9,306,41,65.0,0.0
2023-08-09T07:00,12.8,9.4,320,4,321.0,0.0
2023-08-09T08:00,13.7,9.2,315,47,473.0,0.0
2023-08-09T09:00,14.6,9.5,307,80,560.0,0.0
2023-08-09T10:00,15.5,7.8,304,39,645.0,0.0
2023-08-09T11:00,16.4,8.1,302,71,741.0,0.0
2023-08-09T12:00,17.9,10.9,297,81,713.0,0.0
2023-08-09T13:00,18.5,10.8,300,8,750.0,0.0
2023-08-09T14:00,18.8,11.1,299,72,718.0,0.0
2023-08-09T15:00,18.9,11.5,309,85,500.0,0.0
2023-08-09T16:00,18.0,12.6,333,89,354.0,0.0
2023-08-09T17:00,17.4,6.8,342,20,241.0,0.0
2023-08-09T18:00,16.8,5.4,323,36,144.0,0.0
2023-08-09T19:00,14.3,5.1,309,43,24.0,0.0
2023-08-09T20:00,13.8,4.6,309,83,0.0,0.0
2023-08-09T21:00,11.6,4.7,293,13,0.0,0.0
2023-08-09T22:00,11.6,3.1,306,66,0.0,0.0
2023-08-09T23:00,12.1,2.6,214,97,0.0,0.0
2023-08-10T00:00,11.7,2.3,231,88,0.0,0.0
2023-08-10T01:00,11.1,4.4,279,55,0.0,0.0
2023-08-10T02:00,10.2,4.7,266,26,0.0,0.0
2023-08-10T03:00,10.0,4.1,285,74,0.0,0.0
2023-08-10T04:00,10.3,4.1,285,86,0.0,0.0
2023-08-10T05:00,10.8,1.8,307,76,24.0,0.0
2023-08-10T06:00,11.9,1.8,217,56,124.0,0.0
2023-08-10T07:00,13.8,2.8,220,65,222.0,0.0
2023-08-10T08:00,15.3,5.7,235,79,363.0,0.0
2023-08-10T09:00,17.2,6.1,230,88,454.0,0.0
2023-08-10T10:00,18.5,8.2,247,48,633.0,0.0
2023-08-10T11:00,19.4,7.3,250,49,767.0,0.0
2023-08-10T12:00,20.5,6.0,245,54,760.0,0.0
2023-08-10T13:00,21.5,6.8,270,38,760.0,0.0
2023-08-10T14:00,22.0,9.7,243,14,709.0,0.0
2023-08-10T15:00,22.4,9.4,293,0,604.0,0.0
2023-08-10T16:00,21.8,10.2,321,0,465.0,0.0
2023-08-10T17:00,20.9,8.4,317,3,299.0,0.0
2023-08-10T18:00,19.8,6.2,339,27,140.0,0.0
2023-08-10T19:00,16.9,6.7,344,0,23.0,0.0
2023-08-10T20:00,16.3,8.4,353,0,0.0,0.0
2023-08-10T21:00,14.4,5.2,335,0,0.0,0.0
2023-08-10T22:00,14.6,1.3,326,0,0.0,0.0
2023-08-10T23:00,13.8,2.3,309,0,0.0,0.0
2023-08-11T00:00,13.0,1.6,333,0,0.0,0.0
2023-08-11T01:00,12.5,2.4,333,0,0.0,0.0
2023-08-11T02:00,12.2,0.5,315,0,0.0,0.0
2023-08-11T03:00,10.9,1.9,202,0,0.0,0.0
2023-08-11T04:00,10.2,3.0,194,0,0.0,0.0
2023-08-11T05:00,10.2,2.2,171,0,30.0,0.0
2023-08-11T06:00,12.8,2.6,146,0,147.0,0.0
2023-08-11T07:00,15.2,4.2,149,0,297.0,0.0
2023-08-11T08:00,17.5,5.0,150,0,454.0,0.0
2023-08-11T09:00,20.3,6.4,164,0,595.0,0.0
2023-08-11T10:00,21.9,6.9,171,0,707.0,0.0
2023-08-11T11:00,24.1,8.7,173,0,775.0,0.0
2023-08-11T12:00,25.8,9.3,196,0,796.0,0.0
2023-08-11T13:00,26.8,9.7,202,44,769.0,0.0
2023-08-11T14:00,27.0,10.1,180,10,690.0,0.0
2023-08-11T15:00,27.4,9.4,223,50,581.0,0.0
2023-08-11T16:00,27.2,8.6,213,100,435.0,0.0
2023-08-11T17:00,26.1,6.4,196,100,249.0,0.0
2023-08-11T18:00,24.3,3.8,221,100,93.0,0.0
2023-08-11T19:00,22.7,2.6,236,0,18.0,0.0
2023-08-11T20:00,21.6,3.3,174,0,0.0,0.0
2023-08-11T21:00,19.9,3.0,166,61,0.0,0.0
2023-08-11T22:00,18.9,2.5,135,82,0.0,0.0
2023-08-11T23:00,18.3,2.8,140,100,0.0,0.0
2023-08-12T00:00,17.1,2.9,150,0,0.0,0.0
2023-08-12T01:00,16.8,2.9,150,96,0.0,0.0
2023-08-12T02:00,16.3,3.4,122,100,0.0,0.0
2023-08-12T03:00,16.3,2.3,162,92,0.0,0.0
2023-08-12T04:00,16.4,1.5,166,100,0.0,0.2
2023-08-12T05:00,16.3,1.8,90,100,6.0,1.1
2023-08-12T06:00,16.8,3.4,122,97,27.0,0.9
2023-08-12T07:00,16.9,3.6,135,100,43.0,0.1
2023-08-12T08:00,18.8,7.0,159,100,217.0,0.0
2023-08-12T09:00,20.5,7.3,171,42,524.0,0.0
2023-08-12T10:00,22.3,11.6,196,98,554.0,0.0
2023-08-12T11:00,22.7,10.3,205,85,379.0,0.4
2023-08-12T12:00,24.1,15.2,234,99,334.0,0.0
2023-08-12T13:00,22.3,12.1,233,100,251.0,0.5
2023-08-12T14:00,21.5,12.4,210,100,193.0,0.4
2023-08-12T15:00,22.3,14.4,217,99,281.0,0.0
2023-08-12T16:00,22.9,11.5,212,65,338.0,0.0
2023-08-12T17:00,22.0,11.5,219,94,182.0,0.0
2023-08-12T18:00,20.9,12.1,233,100,37.0,0.1
2023-08-12T19:00,20.2,6.5,236,92,9.0,0.0
2023-08-12T20:00,19.5,4.0,265,86,0.0,0.0
2023-08-12T21:00,19.0,5.2,326,90,0.0,0.2
2023-08-12T22:00,17.7,4.0,297,40,0.0,0.0
2023-08-12T23:00,17.4,3.6,307,100,0.0,0.0
2023-08-13T00:00,16.8,3.1,306,87,0.0,0.0
2023-08-13T01:00,16.3,2.3,309,100,0.0,0.0
2023-08-13T02:00,15.8,0.7,270,100,0.0,0.0
2023-08-13T03:00,15.2,1.9,338,100,0.0,0.0
2023-08-13T04:00,15.7,0.8,333,100,0.0,0.0
2023-08-13T05:00,16.2,1.1,252,100,12.0,0.0
2023-08-13T06:00,16.6,2.5,135,100,65.0,0.0
2023-08-13T07:00,17.4,4.7,157,100,151.0,0.0
2023-08-13T08:00,18.3,4.0,170,100,159.0,0.0
2023-08-13T09:00,20.4,7.3,189,100,331.0,0.0
2023-08-13T10:00,21.5,10.8,195,99,428.0,0.0
2023-08-13T11:00,22.8,12.8,212,100,443.0,0.0
2023-08-13T12:00,23.1,12.4,206,100,484.0,0.0
2023-08-13T13:00,23.6,13.2,225,100,416.0,0.0
2023-08-13T14:00,23.9,13.8,219,100,552.0,0.0
2023-08-13T15:00,23.0,13.3,237,100,306.0,0.0
2023-08-13T16:00,22.3,11.4,242,100,288.0,0.0
2023-08-13T17:00,21.5,6.8,252,100,173.0,0.0
2023-08-13T18:00,20.8,5.3,242,14,119.0,0.0
2023-08-13T19:00,19.1,3.9,292,21,17.0,0.0
2023-08-13T20:00,18.4,1.8,349,0,0.0,0.0
2023-08-13T21:00,16.8,0.5,45,13,0.0,0.0
2023-08-13T22:00,16.2,1.8,90,20,0.0,0.0
2023-08-13T23:00,15.9,2.5,82,0,0.0,0.0
2023-08-14T00:00,15.0,3.1,126,0,0.0,0.0
2023-08-14T01:00,14.7,4.3,132,100,0.0,0.0
2023-08-14T02:00,14.5,2.1,121,100,0.0,0.0
2023-08-14T03:00,13.0,3.8,107,100,0.0,0.0
2023-08-14T04:00,13.1,2.7,113,100,0.0,0.0
2023-08-14T05:00,14.0,1.9,68,100,19.0,0.0
2023-08-14T06:00,15.0,1.5,346,100,99.0,0.0
2023-08-14T07:00,17.4,4.7,122,100,198.0,0.0
2023-08-14T08:00,19.4,4.3,156,100,287.0,0.0
2023-08-14T09:00,22.9,7.8,146,100,407.0,0.0
2023-08-14T10:00,24.5,7.9,150,100,547.0,0.0
2023-08-14T11:00,26.1,8.3,175,100,557.0,0.0
2023-08-14T12:00,26.3,11.0,218,100,336.0,0.0
2023-08-14T13:00,27.2,14.1,220,100,474.0,0.0
2023-08-14T14:00,27.5,11.8,232,100,517.0,0.0
2023-08-14T15:00,28.0,11.4,215,95,462.0,0.0
2023-08-14T16:00,26.2,4.0,243,99,202.0,0.0
2023-08-14T17:00,25.1,4.3,318,100,104.0,0.0
2023-08-14T18:00,23.8,6.9,354,100,45.0,0.0
2023-08-14T19:00,20.7,4.1,315,58,0.0,17.6
2023-08-14T20:00,19.4,1.1,72,64,0.0,0.0
2023-08-14T21:00,18.4,2.1,121,7,0.0,0.0
2023-08-14T22:00,18.0,3.6,217,14,0.0,0.0
2023-08-14T23:00,17.6,3.9,112,5,0.0,0.0
2023-08-15T00:00,17.0,1.9,158,65,0.0,0.0
2023-08-15T01:00,16.6,0.5,225,100,0.0,0.0
2023-08-15T02:00,16.4,1.6,117,100,0.0,0.0
2023-08-15T03:00,16.6,3.2,153,100,0.0,0.0
2023-08-15T04:00,16.5,2.1,149,100,0.0,0.0
2023-08-15T05:00,16.7,3.0,166,100,11.0,0.0
2023-08-15T06:00,18.3,5.2,245,100,38.0,0.1
2023-08-15T07:00,19.1,5.6,135,92,86.0,2.5
2023-08-15T08:00,19.7,5.9,166,51,233.0,0.0
2023-08-15T09:00,22.4,5.9,191,56,546.0,0.0
2023-08-15T10:00,24.3,6.4,196,99,673.0,0.0
2023-08-15T11:00,26.2,6.9,231,38,750.0,0.0
2023-08-15T12:00,27.1,9.4,238,100,746.0,0.0
2023-08-15T13:00,27.1,11.9,241,100,568.0,0.0
2023-08-15T14:00,24.2,18.0,282,100,209.0,0.0
2023-08-15T15:00,22.8,14.0,288,100,109.0,0.1
2023-08-15T16:00,22.9,10.7,284,87,236.0,0.0
2023-08-15T17:00,22.1,8.5,306,90,189.0,0.0
2023-08-15T18:00,21.1,4.1,315,100,87.0,0.0
2023-08-15T19:00,20.1,3.5,336,92,5.0,0.1
2023-08-15T20:00,19.4,1.3,34,62,0.0,0.2
2023-08-15T21:00,18.6,2.9,330,69,0.0,0.0
2023-08-15T22:00,18.3,2.8,320,23,0.0,0.0
2023-08-15T23:00,17.6,4.1,322,54,0.0,0.0
2023-08-16T00:00,17.1,5.1,321,86,0.0,0.0
2023-08-16T01:00,16.6,3.4,342,95,0.0,0.0
2023-08-16T02:00,16.4,4.6,342,100,0.0,0.0
2023-08-16T03:00,17.1,2.1,301,100,0.0,0.0
2023-08-16T04:00,17.1,3.3,319,100,0.0,0.0
2023-08-16T05:00,17.4,3.7,349,100,11.0,0.0
2023-08-16T06:00,18.3,3.7,61,93,63.0,0.0
2023-08-16T07:00,19.2,8.6,90,100,92.0,0.0
2023-08-16T08:00,20.4,9.7,90,100,187.0,0.0
2023-08-16T09:00,20.2,11.2,84,98,319.0,0.0
2023-08-16T10:00,21.7,7.9,106,98,376.0,0.0
2023-08-16T11:00,22.2,6.5,96,99,307.0,0.0
2023-08-16T12:00,22.5,7.0,111,100,192.0,0.1
2023-08-16T13:00,23.0,9.5,61,87,303.0,0.1
2023-08-16T14:00,23.7,9.8,54,71,503.0,0.0
2023-08-16T15:00,24.6,8.7,52,50,451.0,0.0
2023-08-16T16:00,24.6,10.0,60,71,373.0,0.0
2023-08-16T17:00,23.5,10.4,44,100,205.0,0.0
2023-08-16T18:00,22.0,7.2,18,100,49.0,0.1
2023-08-16T19:00,21.0,8.7,42,100,2.0,0.2
2023-08-16T20:00,20.7,10.2,48,82,0.0,0.0
2023-08-16T21:00,20.6,12.4,54,100,0.0,0.0
2023-08-16T22:00,20.0,2.5,82,100,0.0,4.3
2023-08-16T23:00,18.0,7.2,270,100,0.0,42.6
2023-08-17T00:00,15.6,6.9,189,100,0.0,0.7
2023-08-17T01:00,16.1,10.4,124,100,0.0,7.7
2023-08-17T02:00,16.4,1.6,117,100,0.0,0.9
2023-08-17T03:00,16.4,4.7,86,100,0.0,0.0
2023-08-17T04:00,16.0,3.7,61,100,0.0,0.0
2023-08-17T05:00,15.8,1.8,37,94,19.0,0.0
2023-08-17T06:00,16.8,2.9,7,90,111.0,0.0
2023-08-17T07:00,18.5,2.7,23,100,133.0,0.0
2023-08-17T08:00,19.4,1.1,90,100,192.0,0.0
2023-08-17T09:00,19.9,0.5,315,100,266.0,0.0
2023-08-17T10:00,20.9,2.4,207,100,367.0,0.0
2023-08-17T11:00,21.3,5.8,173,97,356.0,0.0
2023-08-17T12:00,22.1,1.5,45,100,455.0,0.0
2023-08-17T13:00,23.0,2.8,40,93,556.0,0.0
2023-08-17T14:00,23.7,4.4,351,92,540.0,0.0
2023-08-17T15:00,24.0,7.6,341,20,493.0,0.0
2023-08-17T16:00,23.5,8.4,25,95,402.0,0.0
2023-08-17T17:00,22.5,7.1,30,100,224.0,0.0
2023-08-17T18:00,21.8,5.1,51,100,68.0,0.0
2023-08-17T19:00,20.3,7.9,344,100,8.0,0.0
2023-08-17T20:00,19.2,5.1,356,100,0.0,0.0
2023-08-17T21:00,19.0,3.8,17,100,0.0,0.0
2023-08-17T22:00,19.0,5.3,28,100,0.0,0.0
2023-08-17T23:00,19.5,4.6,72,92,0.0,0.0
2023-08-18T00:00,18.7,0.5,45,100,0.0,0.0
2023-08-18T01:00,17.6,4.0,355,100,0.0,0.0
2023-08-18T02:00,16.9,3.6,6,100,0.0,0.0
2023-08-18T03:00,16.9,3.5,66,81,0.0,0.0
2023-08-18T04:00,16.8,2.9,83,70,0.0,0.0
2023-08-18T05:00,17.6,5.2,78,94,11.0,0.0
2023-08-18T06:00,17.6,5.4,86,100,65.0,0.0
2023-08-18T07:00,19.0,7.4,104,85,153.0,0.0
2023-08-18T08:00,20.6,10.5,98,80,324.0,0.0
2023-08-18T09:00,22.4,10.9,99,9,521.0,0.0
2023-08-18T10:00,23.9,10.6,108,8,676.0,0.0
2023-08-18T11:00,25.2,10.3,119,6,743.0,0.0
2023-08-18T12:00,27.0,11.5,129,0,762.0,0.0
2023-08-18T13:00,28.2,10.7,135,0,744.0,0.0
2023-08-18T14:00,28.8,8.9,148,0,672.0,0.0
2023-08-18T15:00,28.9,8.2,142,0,559.0,0.0
2023-08-18T16:00,28.7,9.0,127,0,417.0,0.0
2023-08-18T17:00,27.4,7.2,93,0,259.0,0.0
2023-08-18T18:00,25.4,8.0,95,80,104.0,0.0
2023-08-18T19:00,23.4,6.1,87,0,10.0,0.0
2023-08-18T20:00,22.0,5.8,60,0,0.0,0.0
2023-08-18T21:00,21.1,6.2,69,7,0.0,0.0
2023-08-18T22:00,20.6,5.0,69,52,0.0,0.0
2023-08-18T23:00,20.1,3.8,73,66,0.0,0.0
2023-08-19T00:00,19.2,1.5,76,71,0.0,0.0
2023-08-19T01:00,18.2,3.5,114,100,0.0,0.0
2023-08-19T02:00,17.4,0.5,135,100,0.0,0.0
2023-08-19T03:00,17.6,1.1,198,100,0.0,0.0
2023-08-19T04:00,17.0,2.4,153,100,0.0,0.0
2023-08-19T05:00,16.6,3.3,103,99,15.0,0.0
2023-08-19T06:00,18.9,4.9,126,75,102.0,0.0
2023-08-19T07:00,20.9,7.1,131,64,236.0,0.0
2023-08-19T08:00,22.8,10.2,138,57,387.0,0.0
2023-08-19T09:00,25.9,12.1,143,8,544.0,0.0
2023-08-19T10:00,28.2,13.2,145,100,659.0,0.0
2023-08-19T11:00,29.9,13.2,163,100,703.0,0.0
2023-08-19T12:00,30.9,13.0,166,49,674.0,0.0
2023-08-19T13:00,31.5,10.9,186,92,634.0,0.0
2023-08-19T14:00,29.2,9.0,233,95,236.0,0.0
2023-08-19T15:00,28.1,10.5,266,91,180.0,0.0
2023-08-19T16:00,27.7,9.4,274,100,247.0,0.0
2023-08-19T17:00,26.3,9.8,298,100,92.0,0.0
2023-08-19T18:00,24.7,10.9,352,100,34.0,0.0
2023-08-19T19:00,22.9,5.8,292,88,2.0,0.1
2023-08-19T20:00,22.3,7.4,317,84,0.0,0.0
2023-08-19T21:00,21.4,5.2,344,81,0.0,0.0
2023-08-19T22:00,21.0,2.8,320,74,0.0,0.0
2023-08-19T23:00,20.0,6.4,333,50,0.0,0.0
2023-08-20T00:00,20.4,7.6,335,57,0.0,0.0
2023-08-20T01:00,19.9,5.6,333,52,0.0,0.0
2023-08-20T02:00,19.9,6.7,344,52,0.0,0.0
2023-08-20T03:00,19.5,6.1,360,61,0.0,0.0
2023-08-20T04:00,18.8,4.8,333,46,0.0,0.0
2023-08-20T05:00,19.2,6.2,353,91,13.0,0.0
2023-08-20T06:00,19.9,9.7,358,84,88.0,0.0
2023-08-20T07:00,20.6,10.8,26,91,193.0,0.0
2023-08-20T08:00,22.1,8.9,47,57,305.0,0.0
2023-08-20T09:00,23.5,9.6,77,68,472.0,0.0
2023-08-20T10:00,24.8,9.4,86,95,503.0,0.0
2023-08-20T11:00,26.4,5.1,82,58,637.0,0.0
2023-08-20T12:00,26.4,6.6,61,44,725.0,0.0
2023-08-20T13:00,27.3,4.3,66,48,700.0,0.0
2023-08-20T14:00,27.6,4.5,14,85,596.0,0.0
2023-08-20T15:00,27.3,5.8,356,55,429.0,0.0
2023-08-20T16:00,27.5,5.0,330,57,363.0,0.0
2023-08-20T17:00,26.5,4.3,24,30,225.0,0.0
2023-08-20T18:00,25.0,4.6,18,54,91.0,0.0
2023-08-20T19:00,23.2,5.2,348,54,6.0,0.0
2023-08-20T20:00,22.4,5.6,345,57,0.0,0.0
2023-08-20T21:00,21.7,6.6,338,49,0.0,0.0
2023-08-20T22:00,21.2,6.3,347,50,0.0,0.0
2023-08-20T23:00,21.5,10.3,348,63,0.0,0.0
2023-08-21T00:00,20.7,8.3,360,88,0.0,0.0
2023-08-21T01:00,19.9,6.2,353,65,0.0,0.0
2023-08-21T02:00,19.1,6.6,338,20,0.0,0.0
2023-08-21T03:00,18.5,6.8,342,36,0.0,0.0
2023-08-21T04:00,17.8,5.2,326,16,0.0,0.0
2023-08-21T05:00,17.7,3.7,349,60,13.0,0.0
2023-08-21T06:00,19.2,1.8,349,35,108.0,0.0
2023-08-21T07:00,21.2,4.0,80,46,237.0,0.0
2023-08-21T08:00,22.3,7.6,98,13,401.0,0.0
2023-08-21T09:00,24.2,5.6,117,9,521.0,0.0
2023-08-21T10:00,25.5,1.3,56,55,622.0,0.0
2023-08-21T11:00,26.5,1.0,315,89,631.0,0.0
2023-08-21T12:00,27.6,5.4,274,84,609.0,0.0
2023-08-21T13:00,28.4,7.1,255,72,661.0,0.0
2023-08-21T14:00,28.7,7.9,246,44,510.0,0.0
2023-08-21T15:00,28.5,9.7,266,16,481.0,0.0
2023-08-21T16:00,27.5,7.2,288,57,325.0,0.0
2023-08-21T17:00,26.8,5.6,297,0,211.0,0.0
2023-08-21T18:00,24.4,9.4,360,14,91.0,0.0
2023-08-21T19:00,22.7,7.9,3,87,6.0,0.0
2023-08-21T20:00,22.0,6.4,16,76,0.0,0.0
2023-08-21T21:00,21.1,6.5,34,49,0.0,0.0
2023-08-21T22:00,20.3,7.9,74,35,0.0,0.0
2023-08-21T23:00,20.0,7.9,66,48,0.0,0.0
2023-08-22T00:00,19.6,7.1,66,68,0.0,0.0
2023-08-22T01:00,19.1,4.6,45,75,0.0,0.0
2023-08-22T02:00,18.6,2.4,27,54,0.0,0.0
2023-08-22T03:00,17.1,5.3,332,56,0.0,0.0
2023-08-22T04:00,16.8,4.4,325,72,0.0,0.0
2023-08-22T05:00,16.9,3.9,326,63,11.0,0.0
2023-08-22T06:00,18.3,2.9,330,65,88.0,0.0
2023-08-22T07:00,20.1,2.2,261,67,226.0,0.0
2023-08-22T08:00,21.7,6.0,303,77,383.0,0.0
2023-08-22T09:00,23.3,5.4,323,52,489.0,0.0
2023-08-22T10:00,24.2,8.7,312,97,639.0,0.0
2023-08-22T11:00,25.0,8.7,312,58,618.0,0.0
2023-08-22T12:00,25.6,9.6,304,57,665.0,0.0
2023-08-22T13:00,25.7,9.4,313,68,626.0,0.0
2023-08-22T14:00,24.6,11.6,330,97,451.0,0.0
2023-08-22T15:00,24.6,10.3,324,74,345.0,0.0
2023-08-22T16:00,23.6,9.3,332,94,242.0,0.0
2023-08-22T17:00,22.6,5.2,348,80,126.0,0.0
2023-08-22T18:00,21.2,6.6,9,100,50.0,0.0
2023-08-22T19:00,19.9,5.4,340,87,3.0,0.0
2023-08-22T20:00,19.2,5.5,349,99,0.0,0.0
2023-08-22T21:00,18.3,6.2,350,100,0.0,0.0
2023-08-22T22:00,17.4,5.4,340,56,0.0,0.0
2023-08-22T23:00,16.9,5.6,333,32,0.0,0.0
2023-08-23T00:00,16.1,4.9,324,5,0.0,0.0
2023-08-23T01:00,15.4,5.6,333,14,0.0,0.0
2023-08-23T02:00,15.6,4.8,333,17,0.0,0.0
2023-08-23T03:00,14.7,5.4,323,5,0.0,0.0
2023-08-23T04:00,13.8,5.2,326,41,0.0,0.0
2023-08-23T05:00,13.3,5.3,332,58,13.0,0.0
2023-08-23T06:00,14.8,3.8,319,47,111.0,0.0
2023-08-23T07:00,18.1,1.1,180,0,268.0,0.0
2023-08-23T08:00,19.9,3.0,284,4,428.0,0.0
2023-08-23T09:00,21.6,3.9,292,48,546.0,0.0
2023-08-23T10:00,22.7,4.6,288,67,643.0,0.0
2023-08-23T11:00,23.9,7.2,297,54,693.0,0.0
2023-08-23T12:00,24.3,9.2,309,0,759.0,0.0
2023-08-23T13:00,24.8,8.1,302,0,731.0,0.0
2023-08-23T14:00,25.0,7.5,287,100,644.0,0.0
2023-08-23T15:00,25.1,7.6,278,0,528.0,0.0
2023-08-23T16:00,24.8,9.0,299,0,394.0,0.0
2023-08-23T17:00,23.8,6.1,310,0,234.0,0.0
2023-08-23T18:00,21.7,5.7,325,0,85.0,0.0
2023-08-23T19:00,19.8,5.2,348,0,4.0,0.0
2023-08-23T20:00,19.5,4.3,355,0,0.0,0.0
2023-08-23T21:00,17.9,3.6,360,0,0.0,0.0
2023-08-23T22:00,17.7,1.3,124,0,0.0,0.0
2023-08-23T23:00,17.0,1.9,22,0,0.0,0.0
2023-08-24T00:00,16.1,2.2,90,62,0.0,0.0
2023-08-24T01:00,15.7,1.1,108,0,0.0,0.0
2023-08-24T02:00,14.5,2.6,196,100,0.0,0.0
2023-08-24T03:00,13.5,1.1,180,69,0.0,0.0
2023-08-24T04:00,13.1,1.1,180,93,0.0,0.0
2023-08-24T05:00,13.0,1.1,108,100,10.0,0.0
2023-08-24T06:00,14.5,1.1,162,100,68.0,0.0
2023-08-24T07:00,16.8,1.6,153,100,163.0,0.0
2023-08-24T08:00,18.2,5.8,97,100,248.0,0.0
2023-08-24T09:00,19.3,3.4,148,72,261.0,0.0
2023-08-24T10:00,22.3,6.9,152,100,583.0,0.0
2023-08-24T11:00,24.1,7.9,137,100,678.0,0.0
2023-08-24T12:00,26.0,9.2,135,100,656.0,0.0
2023-08-24T13:00,26.9,11.2,135,100,657.0,0.0
2023-08-24T14:00,27.5,10.8,143,100,549.0,0.0
2023-08-24T15:00,26.6,9.2,219,100,417.0,0.0
2023-08-24T16:00,25.4,5.1,176,100,146.0,0.0
2023-08-24T17:00,24.2,3.3,283,100,97.0,0.0
2023-08-24T18:00,22.8,4.2,340,100,30.0,0.0
2023-08-24T19:00,21.0,4.8,283,100,1.0,0.0
2023-08-24T20:00,20.4,4.4,305,100,0.0,0.0
2023-08-24T21:00,20.8,2.9,277,100,0.0,0.1
2023-08-24T22:00,19.8,4.4,305,100,0.0,0.0
2023-08-24T23:00,18.6,4.4,261,100,0.0,0.0
2023-08-25T00:00,18.3,4.0,243,100,0.0,0.0
2023-08-25T01:00,17.8,4.1,232,100,0.0,0.0
2023-08-25T02:00,17.1,4.8,228,50,0.0,0.0
2023-08-25T03:00,17.0,3.1,201,3,0.0,0.0
2023-08-25T04:00,16.2,3.3,221,19,0.0,0.0
2023-08-25T05:00,16.0,4.6,198,70,8.0,0.0
2023-08-25T06:00,17.9,7.1,195,100,79.0,0.0
2023-08-25T07:00,19.5,10.7,194,100,167.0,0.0
2023-08-25T08:00,19.9,10.2,203,100,200.0,0.0
2023-08-25T09:00,21.1,12.2,227,100,146.0,0.0
2023-08-25T10:00,23.0,15.8,235,100,415.0,0.0
2023-08-25T11:00,23.0,19.8,207,100,377.0,0.0
2023-08-25T12:00,23.5,16.3,235,100,274.0,0.0
2023-08-25T13:00,24.3,17.4,220,100,445.0,0.0
2023-08-25T14:00,24.6,18.8,234,100,325.0,0.0
2023-08-25T15:00,21.7,16.1,243,100,194.0,0.1
2023-08-25T16:00,19.3,4.4,325,100,50.0,4.3
2023-08-25T17:00,19.6,2.9,150,100,77.0,0.1
2023-08-25T18:00,18.4,3.1,126,59,47.0,0.0
2023-08-25T19:00,18.0,3.8,139,100,2.0,0.0
2023-08-25T20:00,18.4,0.8,207,95,0.0,0.0
2023-08-25T21:00,18.5,3.3,167,57,0.0,0.0
2023-08-25T22:00,18.5,1.6,207,100,0.0,0.0
2023-08-25T23:00,18.7,3.0,194,100,0.0,0.3
2023-08-26T00:00,18.1,7.1,156,100,0.0,0.5
2023-08-26T01:00,18.4,8.6,255,100,0.0,2.0
2023-08-26T02:00,18.2,6.2,249,100,0.0,0.2
2023-08-26T03:00,17.4,8.1,249,100,0.0,0.3
2023-08-26T04:00,17.2,6.2,234,100,0.0,1.3
2023-08-26T05:00,17.1,7.9,246,95,4.0,0.0
2023-08-26T06:00,16.9,12.1,253,48,69.0,0.0
2023-08-26T07:00,17.0,15.3,255,45,222.0,0.0
2023-08-26T08:00,17.1,15.4,259,25,381.0,0.0
2023-08-26T09:00,17.6,13.7,247,7,561.0,0.0
2023-08-26T10:00,18.5,14.0,244,7,672.0,0.0
2023-08-26T11:00,19.5,14.4,238,100,724.0,0.0
2023-08-26T12:00,19.8,12.9,240,100,683.0,0.0
2023-08-26T13:00,19.8,14.0,235,100,540.0,0.0
2023-08-26T14:00,20.0,13.4,250,100,501.0,0.0
2023-08-26T15:00,19.8,9.1,252,100,352.0,0.0
2023-08-26T16:00,19.4,5.6,285,100,327.0,0.0
2023-08-26T17:00,19.0,1.8,180,0,215.0,0.0
2023-08-26T18:00,17.4,4.3,156,0,75.0,0.0
2023-08-26T19:00,16.3,3.1,144,48,2.0,0.0
2023-08-26T20:00,15.8,3.0,166,57,0.0,0.0
2023-08-26T21:00,14.8,3.9,158,4,0.0,0.0
2023-08-26T22:00,13.6,4.9,144,100,0.0,0.0
2023-08-26T23:00,13.2,3.6,180,100,0.0,0.0
2023-08-27T00:00,12.7,2.8,130,100,0.0,0.0
2023-08-27T01:00,12.5,2.8,140,100,0.0,0.0
2023-08-27T02:00,12.0,1.1,198,100,0.0,0.0
2023-08-27T03:00,11.8,3.8,107,100,0.0,0.0
2023-08-27T04:00,11.9,2.4,153,100,0.0,0.0
2023-08-27T05:00,11.9,4.3,175,100,4.0,0.0
2023-08-27T06:00,12.8,0.8,63,100,20.0,0.0
2023-08-27T07:00,14.1,2.9,150,100,111.0,0.0
2023-08-27T08:00,15.1,4.7,148,100,230.0,0.0
2023-08-27T09:00,16.3,7.4,157,100,394.0,0.0
2023-08-27T10:00,17.7,8.8,189,100,458.0,0.0
2023-08-27T11:00,19.2,9.8,234,100,494.0,0.0
2023-08-27T12:00,19.3,9.7,222,100,434.0,0.0
2023-08-27T13:00,19.2,10.7,225,100,314.0,0.0
2023-08-27T14:00,18.9,11.1,245,100,236.0,0.0
2023-08-27T15:00,15.5,7.4,203,100,120.0,0.7
2023-08-27T16:00,15.8,7.1,195,100,144.0,0.0
2023-08-27T17:00,15.7,3.9,202,100,93.0,0.0
2023-08-27T18:00,14.4,3.2,207,100,27.0,0.0
2023-08-27T19:00,13.8,2.9,270,100,1.0,0.0
2023-08-27T20:00,13.3,3.9,248,100,0.0,0.0
2023-08-27T21:00,13.7,6.5,267,74,0.0,0.0
2023-08-27T22:00,13.0,5.8,270,50,0.0,0.0
2023-08-27T23:00,12.7,7.6,275,0,0.0,0.0
2023-08-28T00:00,11.7,9.2,301,0,0.0,0.0
2023-08-28T01:00,10.5,3.7,281,0,0.0,0.0
2023-08-28T02:00,9.3,4.5,299,31,0.0,0.0
2023-08-28T03:00,9.3,5.7,288,100,0.0,0.0
2023-08-28T04:00,9.5,6.4,313,100,0.0,0.0
2023-08-28T05:00,9.4,1.5,284,100,7.0,0.0
2023-08-28T06:00,10.4,1.5,256,100,72.0,0.0
2023-08-28T07:00,11.1,3.6,143,100,160.0,0.0
2023-08-28T08:00,12.8,2.0,315,100,229.0,0.0
2023-08-28T09:00,12.8,4.8,333,100,227.0,0.0
2023-08-28T10:00,13.7,5.5,11,100,295.0,0.0
2023-08-28T11:00,14.7,3.6,360,100,369.0,0.0
2023-08-28T12:00,15.1,6.5,357,100,292.0,0.0
2023-08-28T13:00,15.6,7.3,351,100,369.0,0.0
2023-08-28T14:00,15.6,7.2,3,100,291.0,0.0
2023-08-28T15:00,16.1,7.6,355,100,270.0,0.0
2023-08-28T16:00,15.7,7.3,351,100,175.0,0.0
2023-08-28T17:00,15.1,7.2,342,100,97.0,0.0
2023-08-28T18:00,14.6,5.2,348,100,31.0,0.0
2023-08-28T19:00,13.8,4.9,343,100,1.0,0.0
2023-08-28T20:00,13.4,4.9,343,100,0.0,0.0
2023-08-28T21:00,13.3,4.8,333,100,0.0,0.0
2023-08-28T22:00,13.1,5.0,339,100,0.0,0.0
2023-08-28T23:00,12.8,6.2,324,100,0.0,0.0
2023-08-29T00:00,12.9,7.6,329,82,0.0,0.0
2023-08-29T01:00,12.9,7.4,337,100,0.0,0.0
2023-08-29T02:00,13.0,11.0,341,100,0.0,0.0
2023-08-29T03:00,12.7,9.0,344,100,0.0,0.0
2023-08-29T04:00,12.3,9.7,338,100,0.0,0.0
2023-08-29T05:00,12.5,10.8,339,100,2.0,0.0
2023-08-29T06:00,12.7,12.2,341,100,27.0,0.0
2023-08-29T07:00,13.1,12.5,348,100,93.0,0.0
2023-08-29T08:00,13.6,11.6,5,100,101.0,0.0
2023-08-29T09:00,14.4,11.3,351,100,165.0,0.0
2023-08-29T10:00,15.9,12.4,350,100,330.0,0.0
2023-08-29T11:00,16.3,10.9,354,100,345.0,0.0
2023-08-29T12:00,17.1,11.4,349,100,360.0,0.0
2023-08-29T13:00,17.6,11.4,349,99,511.0,0.0
2023-08-29T14:00,17.5,12.3,355,100,407.0,0.0
2023-08-29T15:00,17.4,10.8,356,100,330.0,0.0
2023-08-29T16:00,16.9,8.9,346,98,259.0,0.0
2023-08-29T17:00,16.1,7.7,349,100,154.0,0.0
2023-08-29T18:00,15.1,4.9,343,100,41.0,0.0
2023-08-29T19:00,13.6,4.4,325,100,1.0,0.0
2023-08-29T20:00,13.4,4.1,315,99,0.0,0.0
2023-08-29T21:00,12.8,5.4,307,98,0.0,0.0
2023-08-29T22:00,11.9,5.1,315,81,0.0,0.0
2023-08-29T23:00,11.7,4.5,299,82,0.0,0.0
2023-08-30T00:00,11.1,5.3,298,93,0.0,0.0
2023-08-30T01:00,11.4,4.9,306,98,0.0,0.0
2023-08-30T02:00,11.3,3.3,283,100,0.0,0.0
2023-08-30T03:00,10.7,2.1,211,99,0.0,0.0
2023-08-30T04:00,9.9,2.2,171,92,0.0,0.0
2023-08-30T05:00,9.4,2.5,180,98,6.0,0.0
2023-08-30T06:00,10.1,3.7,169,100,56.0,0.0
2023-08-30T07:00,11.6,5.4,180,99,99.0,0.0
2023-08-30T08:00,14.0,8.0,172,74,263.0,0.0
2023-08-30T09:00,15.7,8.6,195,85,370.0,0.0
2023-08-30T10:00,17.4,11.8,218,66,498.0,0.0
2023-08-30T11:00,18.5,12.5,219,57,664.0,0.0
2023-08-30T12:00,18.0,13.0,222,100,529.0,0.0
2023-08-30T13:00,18.7,12.5,219,100,534.0,0.0
2023-08-30T14:00,18.6,11.8,232,100,349.0,0.0
2023-08-30T15:00,18.4,13.0,231,93,236.0,0.1
2023-08-30T16:00,17.3,10.4,214,89,148.0,0.0
2023-08-30T17:00,15.9,10.0,232,94,79.0,0.1
2023-08-30T18:00,15.5,5.6,225,100,36.0,0.0
2023-08-30T19:00,13.3,15.6,278,100,0.0,7.5
2023-08-30T20:00,12.2,8.4,277,100,0.0,2.0
2023-08-30T21:00,11.8,9.2,222,100,0.0,2.1
2023-08-30T22:00,11.2,9.9,260,100,0.0,0.9
2023-08-30T23:00,10.6,11.9,267,62,0.0,0.0
2023-08-31T00:00,10.8,8.3,252,81,0.0,0.0
2023-08-31T01:00,10.8,9.4,247,91,0.0,0.0
2023-08-31T02:00,11.0,10.4,256,100,0.0,0.0
2023-08-31T03:00,10.9,8.6,248,100,0.0,0.1
2023-08-31T04:00,10.6,9.2,244,92,0.0,0.0
2023-08-31T05:00,10.4,10.5,248,100,3.0,0.1
2023-08-31T06:00,10.8,12.2,242,99,47.0,0.0
2023-08-31T07:00,11.8,13.5,241,65,137.0,0.0
2023-08-31T08:00,12.9,14.8,244,71,266.0,0.0
2023-08-31T09:00,13.6,15.3,255,76,280.0,0.0
2023-08-31T10:00,14.7,15.5,245,75,441.0,0.0
2023-08-31T11:00,15.4,17.3,249,74,518.0,0.0
2023-08-31T12:00,16.0,18.6,252,56,495.0,0.0
2023-08-31T13:00,16.4,18.1,253,48,544.0,0.0
2023-08-31T14:00,16.9,16.6,248,61,558.0,0.0
2023-08-31T15:00,16.7,16.3,245,100,405.0,0.0
2023-08-31T16:00,16.3,14.7,242,97,272.0,0.0
2023-08-31T17:00,15.5,10.8,240,75,185.0,0.0
2023-08-31T18:00,13.9,10.0,255,94,44.0,0.0
2023-08-31T19:00,13.7,8.4,263,60,0.0,0.0
2023-08-31T20:00,13.4,5.9,259,100,0.0,0.0
2023-08-31T21:00,12.2,3.6,276,96,0.0,0.0
2023-08-31T22:00,12.0,2.7,247,100,0.0,0.0
2023-08-31T23:00,11.2,3.1,216,39,0.0,0.0
2023-09-01T00:00,9.9,3.2,153,88,0.0,0.0
2023-09-01T01:00,9.1,3.3,174,91,0.0,0.0
2023-09-01T02:00,8.7,2.9,180,83,0.0,0.0
2023-09-01T03:00,9.0,3.8,131,98,0.0,0.0
2023-09-01T04:00,9.9,3.6,135,99,0.0,0.0
2023-09-01T05:00,10.2,2.3,129,100,1.0,0.0
2023-09-01T06:00,10.9,3.3,139,100,23.0,0.0
2023-09-01T07:00,12.1,4.1,142,100,84.0,0.0
2023-09-01T08:00,12.6,4.9,163,99,136.0,0.0
2023-09-01T09:00,14.0,9.0,185,100,152.0,0.0
2023-09-01T10:00,15.3,9.5,191,100,152.0,0.0
2023-09-01T11:00,16.1,10.3,209,100,216.0,0.1
2023-09-01T12:00,15.5,10.0,206,100,152.0,0.9
2023-09-01T13:00,15.3,9.5,205,100,117.0,1.3
2023-09-01T14:00,15.2,5.8,184,100,68.0,2.8
2023-09-01T15:00,15.1,4.3,180,100,47.0,3.4
2023-09-01T16:00,15.2,5.7,198,100,38.0,1.3
2023-09-01T17:00,15.1,3.9,236,100,19.0,0.6
2023-09-01T18:00,15.1,3.4,238,100,5.0,0.3
2023-09-01T19:00,15.2,5.2,258,100,0.0,1.1
2023-09-01T20:00,14.9,5.6,285,100,0.0,0.0
2023-09-01T21:00,14.3,5.2,295,89,0.0,0.0
2023-09-01T22:00,13.9,6.4,297,100,0.0,0.0
2023-09-01T23:00,13.1,3.7,299,55,0.0,0.0
2023-09-02T00:00,12.3,4.3,294,78,0.0,0.0
2023-09-02T01:00,12.3,4.6,315,79,0.0,0.0
2023-09-02T02:00,12.5,3.1,324,90,0.0,0.0
2023-09-02T03:00,12.1,3.4,212,91,0.0,0.0
2023-09-02T04:00,11.9,1.5,225,97,0.0,0.0
2023-09-02T05:00,11.9,2.3,219,90,3.0,0.0
2023-09-02T06:00,13.0,1.0,135,100,39.0,0.0
2023-09-02T07:00,14.0,3.6,174,100,86.0,0.0
2023-09-02T08:00,15.0,3.3,174,99,180.0,0.0
2023-09-02T09:00,15.5,4.0,153,100,355.0,0.0
2023-09-02T10:00,17.7,0.8,153,100,487.0,0.0
2023-09-02T11:00,18.8,2.5,135,100,574.0,0.0
2023-09-02T12:00,19.8,4.1,135,100,528.0,0.0
2023-09-02T13:00,20.4,2.3,162,100,613.0,0.0
2023-09-02T14:00,20.6,1.6,207,100,499.0,0.0
2023-09-02T15:00,21.6,1.6,297,100,359.0,0.0
2023-09-02T16:00,21.1,3.3,276,100,249.0,0.0
2023-09-02T17:00,20.3,2.7,337,100,131.0,0.0
2023-09-02T18:00,18.5,3.5,336,60,40.0,0.0
2023-09-02T19:00,17.8,3.7,349,93,0.0,0.0
2023-09-02T20:00,17.0,4.5,346,74,0.0,0.0
2023-09-02T21:00,16.1,4.7,337,100,0.0,0.0
2023-09-02T22:00,15.6,5.8,330,100,0.0,0.0
2023-09-02T23:00,15.6,5.8,330,100,0.0,0.0
2023-09-03T00:00,14.7,7.2,333,100,0.0,0.0
2023-09-03T01:00,14.7,5.8,330,100,0.0,0.0
2023-09-03T02:00,14.8,6.4,344,100,0.0,0.0
2023-09-03T03:00,14.6,5.5,337,100,0.0,0.0
2023-09-03T04:00,14.3,6.5,354,100,0.0,0.0
2023-09-03T05:00,14.1,4.2,340,100,2.0,0.0
2023-09-03T06:00,14.8,7.2,354,100,40.0,0.0
2023-09-03T07:00,15.3,8.8,351,100,105.0,0.0
2023-09-03T08:00,15.8,8.3,358,100,264.0,0.0
2023-09-03T09:00,17.1,6.8,18,100,405.0,0.0
2023-09-03T10:00,18.1,5.4,8,100,468.0,0.0
2023-09-03T11:00,18.4,3.7,331,100,510.0,0.0
2023-09-03T12:00,19.4,4.3,318,100,482.0,0.0
2023-09-03T13:00,19.7,7.3,340,100,544.0,0.0
2023-09-03T14:00,20.2,8.3,2,100,486.0,0.0
2023-09-03T15:00,19.9,8.8,9,100,365.0,0.0
2023-09-03T16:00,19.2,7.6,8,100,236.0,0.0
2023-09-03T17:00,18.1,4.7,360,100,122.0,0.0
2023-09-03T18:00,16.3,4.4,9,100,34.0,0.0
2023-09-03T19:00,15.1,4.6,18,100,0.0,0.0
2023-09-03T20:00,14.5,5.1,356,100,0.0,0.0
2023-09-03T21:00,13.9,3.8,17,100,0.0,0.0
2023-09-03T22:00,13.6,3.1,21,100,0.0,0.0
2023-09-03T23:00,13.1,4.5,29,100,0.0,0.0
2023-09-04T00:00,12.2,3.6,53,100,0.0,0.0
2023-09-04T01:00,11.9,4.2,59,100,0.0,0.0
2023-09-04T02:00,11.3,5.2,65,100,0.0,0.0
2023-09-04T03:00,10.9,4.6,72,99,0.0,0.0
2023-09-04T04:00,10.2,4.3,66,100,0.0,0.0
2023-09-04T05:00,9.6,3.0,76,95,3.0,0.0
2023-09-04T06:00,10.8,3.3,84,87,72.0,0.0
2023-09-04T07:00,13.7,4.7,99,60,205.0,0.0
2023-09-04T08:00,15.2,8.9,104,0,362.0,0.0
2023-09-04T09:00,17.5,9.8,107,6,501.0,0.0
2023-09-04T10:00,19.3,8.8,109,0,609.0,0.0
2023-09-04T11:00,20.6,9.5,115,8,673.0,0.0
2023-09-04T12:00,22.1,10.0,128,29,685.0,0.0
2023-09-04T13:00,22.9,10.2,122,21,654.0,0.0
2023-09-04T14:00,23.3,10.2,113,43,573.0,0.0
2023-09-04T15:00,23.8,9.1,99,22,453.0,0.0
2023-09-04T16:00,23.4,8.8,99,28,313.0,0.0
2023-09-04T17:00,21.8,7.1,75,47,159.0,0.0
2023-09-04T18:00,20.1,9.2,69,28,35.0,0.0
2023-09-04T19:00,19.1,8.3,72,10,0.0,0.0
2023-09-04T20:00,17.9,6.8,72,0,0.0,0.0
2023-09-04T21:00,16.9,5.5,67,0,0.0,0.0
2023-09-04T22:00,15.8,4.8,42,1,0.0,0.0
2023-09-04T23:00,14.9,4.4,35,4,0.0,0.0
2023-09-05T00:00,13.7,3.2,63,8,0.0,0.0
2023-09-05T01:00,13.5,3.7,119,73,0.0,0.0
2023-09-05T02:00,13.5,5.4,138,61,0.0,0.0
2023-09-05T03:00,13.6,7.3,147,43,0.0,0.0
2023-09-05T04:00,13.9,6.8,148,23,0.0,0.0
2023-09-05T05:00,13.9,6.7,144,10,2.0,0.0
2023-09-05T06:00,14.4,5.9,142,7,70.0,0.0
2023-09-05T07:00,16.3,7.7,143,2,208.0,0.0
2023-09-05T08:00,17.7,10.0,142,23,357.0,0.0
2023-09-05T09:00,20.6,11.2,147,43,493.0,0.0
2023-09-05T10:00,22.4,12.5,147,6,602.0,0.0
2023-09-05T11:00,23.9,12.0,147,21,669.0,0.0
2023-09-05T12:00,24.8,12.9,144,3,689.0,0.0
2023-09-05T13:00,25.7,12.0,139,0,659.0,0.0
2023-09-05T14:00,26.0,9.4,137,2,579.0,0.0
2023-09-05T15:00,26.0,7.3,99,27,458.0,0.0
2023-09-05T16:00,25.5,5.0,90,0,311.0,0.0
2023-09-05T17:00,24.2,3.9,56,3,158.0,0.0
2023-09-05T18:00,22.0,4.7,32,0,33.0,0.0
2023-09-05T19:00,20.8,4.4,35,0,0.0,0.0
2023-09-05T20:00,20.0,2.4,63,18,0.0,0.0
2023-09-05T21:00,18.1,2.5,82,3,0.0,0.0
2023-09-05T22:00,17.3,1.3,124,20,0.0,0.0
2023-09-05T23:00,16.3,3.1,159,23,0.0,0.0
2023-09-06T00:00,14.8,2.9,150,6,0.0,0.0
2023-09-06T01:00,13.7,2.7,157,50,0.0,0.0
2023-09-06T02:00,13.2,2.9,173,17,0.0,0.0
2023-09-06T03:00,12.5,2.5,135,33,0.0,0.0
2023-09-06T04:00,12.1,1.5,135,16,0.0,0.0
2023-09-06T05:00,11.6,0.5,225,47,2.0,0.0
2023-09-06T06:00,12.8,0.4,270,55,64.0,0.0
2023-09-06T07:00,15.8,2.3,162,0,201.0,0.0
2023-09-06T08:00,18.6,1.8,143,0,357.0,0.0
2023-09-06T09:00,22.3,3.4,108,1,494.0,0.0
2023-09-06T10:00,24.4,8.6,90,0,611.0,0.0
2023-09-06T11:00,25.5,10.8,90,2,680.0,0.0
2023-09-06T12:00,26.2,10.5,86,0,696.0,0.0
2023-09-06T13:00,26.9,11.5,88,0,662.0,0.0
2023-09-06T14:00,27.3,11.3,81,0,581.0,0.0
2023-09-06T15:00,27.0,12.4,80,0,460.0,0.0
2023-09-06T16:00,25.9,12.4,80,0,310.0,0.0
2023-09-06T17:00,24.0,10.2,67,0,154.0,0.0
2023-09-06T18:00,22.6,11.8,63,0,30.0,0.0
2023-09-06T19:00,21.6,10.0,75,0,0.0,0.0
2023-09-06T20:00,20.3,8.5,78,0,0.0,0.0
2023-09-06T21:00,18.6,6.4,74,0,0.0,0.0
2023-09-06T22:00,18.4,6.1,62,0,0.0,0.0
2023-09-06T23:00,17.7,5.3,62,0,0.0,0.0
2023-09-07T00:00,16.5,4.7,58,0,0.0,0.0
2023-09-07T01:00,15.5,5.2,34,2,0.0,0.0
2023-09-07T02:00,15.1,5.0,21,0,0.0,0.0
2023-09-07T03:00,13.6,3.8,41,3,0.0,0.0
2023-09-07T04:00,12.4,4.3,48,0,0.0,0.0
2023-09-07T05:00,12.1,4.2,59,0,1.0,0.0
2023-09-07T06:00,13.4,4.2,59,0,66.0,0.0
2023-09-07T07:00,16.6,5.8,94,0,205.0,0.0
2023-09-07T08:00,18.7,8.0,80,0,358.0,0.0
2023-09-07T09:00,21.4,11.5,86,0,498.0,0.0
2023-09-07T10:00,23.5,13.0,85,0,608.0,0.0
2023-09-07T11:00,24.8,13.7,85,0,674.0,0.0
2023-09-07T12:00,26.1,14.1,86,0,687.0,0.0
2023-09-07T13:00,26.8,15.5,87,0,652.0,0.0
2023-09-07T14:00,27.0,16.5,80,0,568.0,0.0
2023-09-07T15:00,27.3,16.9,79,0,449.0,0.0
2023-09-07T16:00,26.3,15.5,78,5,304.0,0.0
2023-09-07T17:00,24.8,11.9,76,3,150.0,0.0
2023-09-07T18:00,23.2,10.9,81,0,28.0,0.0
2023-09-07T19:00,21.9,8.7,83,0,0.0,0.0
2023-09-07T20:00,20.2,6.5,71,0,0.0,0.0
2023-09-07T21:00,19.2,5.9,79,0,0.0,0.0
2023-09-07T22:00,17.8,4.4,55,0,0.0,0.0
2023-09-07T23:00,16.9,2.8,40,0,0.0,0.0
2023-09-08T00:00,16.2,3.3,96,0,0.0,0.0
2023-09-08T01:00,15.7,3.8,107,0,0.0,0.0
2023-09-08T02:00,15.3,4.6,108,0,0.0,0.0
2023-09-08T03:00,14.3,4.0,100,0,0.0,0.0
2023-09-08T04:00,13.8,3.4,108,0,0.0,0.0
2023-09-08T05:00,13.4,2.5,98,3,1.0,0.0
2023-09-08T06:00,14.0,2.9,120,0,63.0,0.0
2023-09-08T07:00,16.7,2.8,140,0,199.0,0.0
2023-09-08T08:00,19.2,5.9,128,0,353.0,0.0
2023-09-08T09:00,21.4,6.4,128,0,494.0,0.0
2023-09-08T10:00,23.5,6.6,139,0,605.0,0.0
2023-09-08T11:00,25.3,6.8,148,0,671.0,0.0
2023-09-08T12:00,26.5,6.0,147,0,688.0,0.0
2023-09-08T13:00,27.4,6.5,146,0,657.0,0.0
2023-09-08T14:00,27.8,6.9,141,0,576.0,0.0
2023-09-08T15:00,27.9,8.0,126,0,455.0,0.0
2023-09-08T16:00,27.0,6.3,121,0,310.0,0.0
2023-09-08T17:00,24.6,2.9,83,0,152.0,0.0
2023-09-08T18:00,23.3,1.8,79,1,26.0,0.0
2023-09-08T19:00,21.6,1.5,76,0,0.0,0.0
2023-09-08T20:00,20.3,1.8,79,0,0.0,0.0
2023-09-08T21:00,18.6,2.9,187,0,0.0,0.0
2023-09-08T22:00,17.1,2.9,210,0,0.0,0.0
2023-09-08T23:00,16.2,2.9,187,0,0.0,0.0
2023-09-09T00:00,14.6,2.1,211,0,0.0,0.0
2023-09-09T01:00,14.1,2.1,211,0,0.0,0.0
2023-09-09T02:00,12.2,1.8,191,0,0.0,0.0
2023-09-09T03:00,11.4,1.8,180,66,0.0,0.0
2023-09-09T04:00,11.0,1.8,169,71,0.0,0.0
2023-09-09T05:00,10.9,1.0,225,81,1.0,0.0
2023-09-09T06:00,10.7,1.9,158,100,55.0,0.0
2023-09-09T07:00,13.4,2.4,153,23,183.0,0.0
2023-09-09T08:00,17.3,3.4,148,0,357.0,0.0
2023-09-09T09:00,21.1,4.2,149,10,496.0,0.0
2023-09-09T10:00,23.4,4.9,163,5,606.0,0.0
2023-09-09T11:00,25.3,5.4,176,0,674.0,0.0
2023-09-09T12:00,26.6,4.7,176,18,691.0,0.0
2023-09-09T13:00,27.4,4.9,197,2,650.0,0.0
2023-09-09T14:00,27.7,5.2,205,2,570.0,0.0
2023-09-09T15:00,27.5,4.2,239,3,450.0,0.0
2023-09-09T16:00,26.5,4.8,257,0,299.0,0.0
2023-09-09T17:00,23.9,4.9,287,0,143.0,0.0
2023-09-09T18:00,21.2,5.8,292,0,23.0,0.0
2023-09-09T19:00,20.1,6.7,306,0,0.0,0.0
2023-09-09T20:00,19.4,5.4,318,0,0.0,0.0
2023-09-09T21:00,18.9,0.4,360,6,0.0,0.0
2023-09-09T22:00,17.1,1.3,214,10,0.0,0.0
2023-09-09T23:00,16.3,1.8,233,14,0.0,0.0
2023-09-10T00:00,15.7,1.8,281,8,0.0,0.0
2023-09-10T01:00,15.3,1.6,207,8,0.0,0.0
2023-09-10T02:00,13.6,2.2,189,4,0.0,0.0
2023-09-10T03:00,12.2,1.9,158,59,0.0,0.0
2023-09-10T04:00,11.5,1.0,225,100,0.0,0.0
2023-09-10T05:00,11.4,1.3,236,100,1.0,0.0
2023-09-10T06:00,12.1,2.1,149,100,47.0,0.0
2023-09-10T07:00,13.4,2.4,153,99,148.0,0.0
2023-09-10T08:00,17.4,1.9,158,6,337.0,0.0
2023-09-10T09:00,21.2,2.7,157,15,490.0,0.0
2023-09-10T10:00,23.6,2.5,172,7,597.0,0.0
2023-09-10T11:00,25.3,2.6,164,3,663.0,0.0
2023-09-10T12:00,26.4,2.9,150,5,673.0,0.0
2023-09-10T13:00,27.1,3.2,153,0,646.0,0.0
2023-09-10T14:00,27.4,2.6,124,0,566.0,0.0
2023-09-10T15:00,27.3,1.9,68,0,442.0,0.0
2023-09-10T16:00,26.4,3.3,49,0,294.0,0.0
2023-09-10T17:00,24.1,3.7,349,0,140.0,0.0
2023-09-10T18:00,21.9,3.1,339,0,21.0,0.0
2023-09-10T19:00,20.8,3.9,338,2,0.0,0.0
2023-09-10T20:00,20.2,3.6,323,50,0.0,0.0
2023-09-10T21:00,18.7,0.5,135,27,0.0,0.0
2023-09-10T22:00,17.4,1.3,236,6,0.0,0.0
2023-09-10T23:00,16.7,0.5,225,0,0.0,0.0
2023-09-11T00:00,15.7,1.5,194,0,0.0,0.0
2023-09-11T01:00,14.8,1.3,214,10,0.0,0.0
2023-09-11T02:00,13.8,1.8,180,36,0.0,0.0
2023-09-11T03:00,13.4,2.6,214,52,0.0,0.0
2023-09-11T04:00,12.4,1.8,191,22,0.0,0.0
2023-09-11T05:00,11.4,1.3,214,100,0.0,0.0
2023-09-11T06:00,12.3,1.1,198,100,51.0,0.0
2023-09-11T07:00,15.2,3.1,159,64,186.0,0.0
2023-09-11T08:00,18.5,3.9,158,0,344.0,0.0
2023-09-11T09:00,21.7,4.0,170,0,484.0,0.0
2023-09-11T10:00,23.7,5.5,169,0,595.0,0.0
2023-09-11T11:00,25.7,6.1,180,100,643.0,0.0
2023-09-11T12:00,27.2,7.6,251,100,646.0,0.0
2023-09-11T13:00,27.7,7.0,249,100,608.0,0.0
2023-09-11T14:00,27.7,6.0,245,10,547.0,0.0
2023-09-11T15:00,27.6,5.7,252,35,427.0,0.0
2023-09-11T16:00,27.1,5.8,266,0,280.0,0.0
2023-09-11T17:00,25.1,2.2,270,0,130.0,0.0
2023-09-11T18:00,22.0,4.5,284,0,17.0,0.0
2023-09-11T19:00,21.2,4.7,293,7,0.0,0.0
2023-09-11T20:00,20.6,4.8,297,55,0.0,0.0
2023-09-11T21:00,19.8,1.5,256,14,0.0,0.0
2023-09-11T22:00,19.0,0.4,270,7,0.0,0.0
2023-09-11T23:00,17.7,1.6,153,27,0.0,0.0
2023-09-12T00:00,16.9,1.8,169,72,0.0,0.0
2023-09-12T01:00,16.6,3.0,284,99,0.0,0.0
2023-09-12T02:00,15.3,2.5,188,90,0.0,0.0
2023-09-12T03:00,14.9,1.0,315,100,0.0,0.0
2023-09-12T04:00,14.4,2.0,225,100,0.0,0.0
2023-09-12T05:00,14.1,0.4,360,100,0.0,0.0
2023-09-12T06:00,15.0,1.5,256,100,36.0,0.0
2023-09-12T07:00,16.7,1.1,90,100,113.0,0.0
2023-09-12T08:00,18.8,2.0,225,100,233.0,0.0
2023-09-12T09:00,20.7,1.5,14,92,327.0,0.0
2023-09-12T10:00,22.5,3.2,63,100,367.0,0.0
2023-09-12T11:00,24.6,6.0,65,48,576.0,0.0
2023-09-12T12:00,25.6,6.5,71,100,624.0,0.0
2023-09-12T13:00,26.4,8.0,82,100,590.0,0.0
2023-09-12T14:00,26.6,10.4,76,99,489.0,0.0
2023-09-12T15:00,26.4,8.6,68,99,357.0,0.0
2023-09-12T16:00,25.7,7.2,63,66,229.0,0.0
2023-09-12T17:00,24.2,9.5,53,39,117.0,0.0
2023-09-12T18:00,21.9,5.6,50,26,14.0,0.0
2023-09-12T19:00,20.4,6.4,38,100,0.0,0.0
2023-09-12T20:00,21.0,6.8,65,100,0.0,0.0
2023-09-12T21:00,20.8,5.1,86,100,0.0,0.1
2023-09-12T22:00,18.2,5.6,220,100,0.0,6.1
2023-09-12T23:00,17.3,4.9,216,100,0.0,0.3
2023-09-13T00:00,16.1,5.1,184,100,0.0,0.0
2023-09-13T01:00,15.3,3.1,225,100,0.0,0.0
2023-09-13T02:00,15.2,8.4,250,100,0.0,0.0
2023-09-13T03:00,15.7,9.6,250,96,0.0,0.0
2023-09-13T04:00,15.8,9.3,257,94,0.0,0.2
2023-09-13T05:00,15.9,7.1,225,99,0.0,0.0
2023-09-13T06:00,16.0,10.1,272,100,7.0,0.0
2023-09-13T07:00,16.8,9.0,268,99,53.0,0.0
2023-09-13T08:00,17.2,10.1,266,100,120.0,0.0
2023-09-13T09:00,18.4,11.8,290,100,160.0,0.0
2023-09-13T10:00,18.8,11.6,286,99,195.0,0.0
2023-09-13T11:00,18.9,9.6,283,91,206.0,0.1
2023-09-13T12:00,20.1,11.0,259,91,266.0,0.0
2023-09-13T13:00,20.7,11.3,287,31,309.0,0.0
2023-09-13T14:00,21.3,11.3,292,93,331.0,0.0
2023-09-13T15:00,20.8,10.6,280,46,198.0,0.0
2023-09-13T16:00,18.7,20.4,328,98,189.0,0.0
2023-09-13T17:00,15.9,20.8,323,99,35.0,0.0
2023-09-13T18:00,14.6,19.2,332,91,6.0,0.0
2023-09-13T19:00,13.5,14.7,338,80,0.0,0.0
2023-09-13T20:00,11.8,8.0,342,29,0.0,0.0
2023-09-13T21:00,10.8,6.2,339,0,0.0,0.0
2023-09-13T22:00,10.1,5.6,333,0,0.0,0.0
2023-09-13T23:00,9.6,4.8,318,0,0.0,0.0
2023-09-14T00:00,9.3,4.4,325,16,0.0,0.0
2023-09-14T01:00,9.0,5.5,328,10,0.0,0.0
2023-09-14T02:00,8.9,5.0,330,0,0.0,0.0
2023-09-14T03:00,8.6,4.2,329,4,0.0,0.0
2023-09-14T04:00,7.9,5.9,317,73,0.0,0.0
2023-09-14T05:00,7.3,5.5,328,73,0.0,0.0
2023-09-14T06:00,7.3,3.2,333,91,40.0,0.0
2023-09-14T07:00,9.9,2.3,321,42,154.0,0.0
2023-09-14T08:00,12.1,1.3,124,100,301.0,0.0
2023-09-14T09:00,14.5,2.4,63,69,424.0,0.0
2023-09-14T10:00,15.7,3.7,11,45,543.0,0.0
2023-09-14T11:00,16.6,5.0,360,58,590.0,0.0
2023-09-14T12:00,17.1,4.3,24,100,560.0,0.0
2023-09-14T13:00,17.5,4.3,42,100,583.0,0.0
2023-09-14T14:00,17.7,4.1,52,100,512.0,0.0
2023-09-14T15:00,17.8,4.7,32,68,371.0,0.0
2023-09-14T16:00,17.3,6.3,24,0,259.0,0.0
2023-09-14T17:00,15.7,6.2,21,0,113.0,0.0
2023-09-14T18:00,13.7,6.5,357,15,12.0,0.0
2023-09-14T19:00,12.7,5.6,345,27,0.0,0.0
2023-09-14T20:00,11.8,5.9,349,15,0.0,0.0
2023-09-14T21:00,11.6,6.1,3,24,0.0,0.0
2023-09-14T22:00,11.4,5.4,37,88,0.0,0.0
2023-09-14T23:00,11.3,6.8,58,62,0.0,0.0
2023-09-15T00:00,10.7,5.8,83,0,0.0,0.0
2023-09-15T01:00,10.1,4.8,63,0,0.0,0.0
2023-09-15T02:00,9.6,4.8,63,0,0.0,0.0
2023-09-15T03:00,9.6,5.5,79,0,0.0,0.0
2023-09-15T04:00,9.2,5.2,78,0,0.0,0.0
2023-09-15T05:00,8.9,4.7,81,0,0.0,0.0
2023-09-15T06:00,9.5,4.3,95,2,45.0,0.0
2023-09-15T07:00,11.5,6.2,100,0,176.0,0.0
2023-09-15T08:00,13.3,6.2,100,15,320.0,0.0
2023-09-15T09:00,15.7,7.6,109,43,455.0,0.0
2023-09-15T10:00,17.6,8.1,111,19,563.0,0.0
2023-09-15T11:00,19.1,9.3,118,4,636.0,0.0
2023-09-15T12:00,20.1,8.9,111,24,647.0,0.0
2023-09-15T13:00,20.8,7.9,93,15,603.0,0.0
2023-09-15T14:00,21.8,8.0,126,27,515.0,0.0
2023-09-15T15:00,21.7,7.2,87,0,396.0,0.0
2023-09-15T16:00,21.2,8.4,110,32,259.0,0.0
2023-09-15T17:00,19.3,3.9,68,0,110.0,0.0
2023-09-15T18:00,16.7,6.4,52,0,10.0,0.0
2023-09-15T19:00,16.1,5.4,53,0,0.0,0.0
2023-09-15T20:00,15.5,6.0,57,0,0.0,0.0
2023-09-15T21:00,14.8,5.2,65,0,0.0,0.0
2023-09-15T22:00,13.9,4.6,72,0,0.0,0.0
2023-09-15T23:00,13.6,4.0,117,0,0.0,0.0
2023-09-16T00:00,13.1,4.7,94,0,0.0,0.0
2023-09-16T01:00,12.9,4.0,117,0,0.0,0.0
2023-09-16T02:00,12.4,3.2,153,100,0.0,0.0
2023-09-16T03:00,11.5,4.8,117,4,0.0,0.0
2023-09-16T04:00,10.4,4.5,104,0,0.0,0.0
2023-09-16T05:00,10.2,4.3,95,0,0.0,0.0
2023-09-16T06:00,11.5,4.8,117,0,41.0,0.0
2023-09-16T07:00,14.2,6.0,123,0,168.0,0.0
2023-09-16T08:00,16.5,7.6,121,3,314.0,0.0
2023-09-16T09:00,18.4,8.4,130,0,450.0,0.0
2023-09-16T10:00,20.7,9.8,144,30,557.0,0.0
2023-09-16T11:00,22.6,9.9,136,0,611.0,0.0
2023-09-16T12:00,23.8,9.4,148,0,637.0,0.0
2023-09-16T13:00,24.6,8.3,162,0,604.0,0.0
2023-09-16T14:00,24.9,6.8,177,56,501.0,0.0
2023-09-16T15:00,24.6,4.8,222,5,367.0,0.0
2023-09-16T16:00,23.9,3.9,248,100,242.0,0.0
2023-09-16T17:00,22.1,2.9,270,100,82.0,0.0
2023-09-16T18:00,19.2,5.2,286,100,8.0,0.0
2023-09-16T19:00,18.9,4.0,297,100,0.0,0.0
2023-09-16T20:00,17.9,2.9,300,100,0.0,0.0
2023-09-16T21:00,17.2,1.3,34,100,0.0,0.0
2023-09-16T22:00,16.9,1.6,153,100,0.0,0.0
2023-09-16T23:00,16.3,1.3,236,53,0.0,0.0
2023-09-17T00:00,15.6,2.5,135,88,0.0,0.0
2023-09-17T01:00,15.6,2.7,113,82,0.0,0.0
2023-09-17T02:00,15.3,2.3,72,95,0.0,0.0
2023-09-17T03:00,15.9,3.3,139,100,0.0,0.0
2023-09-17T04:00,15.1,2.8,130,85,0.0,0.0
2023-09-17T05:00,14.5,4.1,128,54,0.0,0.0
2023-09-17T06:00,14.7,4.4,125,85,35.0,0.0
2023-09-17T07:00,17.2,3.8,131,84,157.0,0.0
2023-09-17T08:00,18.7,7.1,139,88,242.0,0.0
2023-09-17T09:00,20.3,6.9,141,51,344.0,0.0
2023-09-17T10:00,22.2,8.9,153,32,455.0,0.0
2023-09-17T11:00,24.2,8.9,166,0,600.0,0.0
2023-09-17T12:00,25.5,10.9,174,8,588.0,0.0
2023-09-17T13:00,26.3,12.6,185,7,509.0,0.0
2023-09-17T14:00,26.2,13.1,196,47,408.0,0.0
2023-09-17T15:00,25.7,12.6,185,47,343.0,0.0
2023-09-17T16:00,25.0,7.6,183,100,228.0,0.0
2023-09-17T17:00,23.1,3.0,194,100,85.0,0.0
2023-09-17T18:00,21.6,2.5,180,100,6.0,0.0
2023-09-17T19:00,20.5,3.1,111,100,0.0,0.0
2023-09-17T20:00,19.8,3.5,114,100,0.0,0.0
2023-09-17T21:00,18.7,3.4,72,100,0.0,0.0
2023-09-17T22:00,18.2,2.9,97,100,0.0,0.0
2023-09-17T23:00,17.6,4.9,107,100,0.0,0.0
2023-09-18T00:00,17.7,5.4,110,100,0.0,0.0
2023-09-18T01:00,17.1,5.8,112,100,0.0,0.0
2023-09-18T02:00,17.2,7.5,145,100,0.0,0.0
2023-09-18T03:00,16.9,8.2,131,100,0.0,0.0
2023-09-18T04:00,17.0,9.2,129,100,0.0,0.0
2023-09-18T05:00,16.8,7.1,131,94,0.0,0.1
2023-09-18T06:00,17.0,5.8,150,100,17.0,0.0
2023-09-18T07:00,17.8,7.9,150,100,91.0,0.0
2023-09-18T08:00,19.1,9.0,185,100,151.0,0.0
2023-09-18T09:00,20.3,18.4,211,100,262.0,0.0
2023-09-18T10:00,21.1,21.9,226,100,294.0,0.0
2023-09-18T11:00,21.7,18.8,225,100,394.0,0.0
2023-09-18T12:00,21.0,14.6,218,100,239.0,0.0
2023-09-18T13:00,21.0,17.1,222,100,235.0,0.0
2023-09-18T14:00,20.7,16.6,222,100,203.0,0.0
2023-09-18T15:00,20.6,14.1,212,100,188.0,0.0
2023-09-18T16:00,20.2,13.3,199,100,114.0,0.0
2023-09-18T17:00,19.1,10.1,180,90,75.0,0.0
2023-09-18T18:00,17.9,5.8,173,62,5.0,0.0
2023-09-18T19:00,16.9,9.4,184,78,0.0,0.0
2023-09-18T20:00,17.0,10.5,186,97,0.0,0.0
2023-09-18T21:00,17.8,11.6,196,100,0.0,0.0
2023-09-18T22:00,17.3,14.5,215,97,0.0,0.0
2023-09-18T23:00,16.9,18.0,244,100,0.0,0.0
2023-09-19T00:00,16.2,13.9,245,93,0.0,0.1
2023-09-19T01:00,15.6,13.5,245,100,0.0,0.0
2023-09-19T02:00,15.6,13.7,252,89,0.0,0.0
2023-09-19T03:00,14.9,11.6,248,100,0.0,0.0
2023-09-19T04:00,14.3,14.2,249,100,0.0,0.0
2023-09-19T05:00,13.9,13.8,242,100,0.0,0.0
2023-09-19T06:00,14.2,13.0,236,100,27.0,0.0
2023-09-19T07:00,14.7,17.7,257,100,78.0,0.0
2023-09-19T08:00,15.4,16.4,255,100,167.0,0.0
2023-09-19T09:00,15.8,15.6,247,100,332.0,0.0
2023-09-19T10:00,16.7,17.7,250,100,381.0,0.0
2023-09-19T11:00,17.3,20.5,248,100,467.0,0.0
2023-09-19T12:00,17.5,19.7,239,100,513.0,0.0
2023-09-19T13:00,18.4,17.4,243,70,535.0,0.0
2023-09-19T14:00,18.0,17.7,231,100,418.0,0.0
2023-09-19T15:00,17.7,16.5,226,96,283.0,0.0
2023-09-19T16:00,17.1,14.4,217,3,227.0,0.0
2023-09-19T17:00,15.9,13.0,208,100,88.0,0.0
2023-09-19T18:00,14.9,7.9,219,100,5.0,0.0
2023-09-19T19:00,14.5,7.9,219,0,0.0,0.0
2023-09-19T20:00,13.8,6.6,209,17,0.0,0.0
2023-09-19T21:00,13.4,7.2,217,34,0.0,0.0
2023-09-19T22:00,13.0,6.5,214,32,0.0,0.0
2023-09-19T23:00,12.8,6.4,196,80,0.0,0.0
2023-09-20T00:00,13.5,6.2,216,96,0.0,0.0
2023-09-20T01:00,14.1,9.0,209,100,0.0,0.0
2023-09-20T02:00,13.9,8.5,208,100,0.0,0.0
2023-09-20T03:00,13.6,8.5,208,100,0.0,0.0
2023-09-20T04:00,13.4,9.3,216,100,0.0,0.0
2023-09-20T05:00,13.5,7.9,210,100,0.0,0.0
2023-09-20T06:00,13.3,8.3,175,100,25.0,0.0
2023-09-20T07:00,14.6,11.9,183,100,109.0,0.0
2023-09-20T08:00,16.4,15.7,196,100,191.0,0.0
2023-09-20T09:00,18.2,17.6,206,99,314.0,0.0
2023-09-20T10:00,19.4,17.9,208,96,466.0,0.0
2023-09-20T11:00,20.4,18.4,208,86,452.0,0.0
2023-09-20T12:00,21.2,18.4,208,80,476.0,0.0
2023-09-20T13:00,21.7,17.7,204,100,448.0,0.0
2023-09-20T14:00,22.1,17.1,205,57,450.0,0.0
2023-09-20T15:00,21.7,14.2,204,19,355.0,0.0
2023-09-20T16:00,20.9,9.4,184,78,214.0,0.0
2023-09-20T17:00,19.2,6.2,187,23,68.0,0.0
2023-09-20T18:00,17.4,4.4,189,0,4.0,0.0
2023-09-20T19:00,16.8,5.2,168,0,0.0,0.0
2023-09-20T20:00,15.8,4.7,176,0,0.0,0.0
2023-09-20T21:00,14.4,4.0,153,0,0.0,0.0
2023-09-20T22:00,13.7,3.4,162,0,0.0,0.0
2023-09-20T23:00,13.2,3.4,162,0,0.0,0.0
2023-09-21T00:00,12.4,3.6,135,0,0.0,0.0
2023-09-21T01:00,11.8,3.9,146,0,0.0,0.0
2023-09-21T02:00,11.6,3.1,126,0,0.0,0.0
2023-09-21T03:00,10.9,4.2,121,0,0.0,0.0
2023-09-21T04:00,10.9,4.2,121,0,0.0,0.0
2023-09-21T05:00,10.9,4.2,121,29,0.0,0.0
2023-09-21T06:00,11.5,5.4,143,39,27.0,0.0
2023-09-21T07:00,14.2,6.1,152,82,124.0,0.0
2023-09-21T08:00,15.8,6.9,137,77,160.0,0.0
2023-09-21T09:00,16.8,7.7,143,97,236.0,0.0
2023-09-21T10:00,18.4,7.6,155,81,314.0,0.0
2023-09-21T11:00,19.8,8.7,138,100,315.0,0.0
2023-09-21T12:00,18.9,6.4,133,100,265.0,0.1
2023-09-21T13:00,19.6,7.7,127,100,208.0,0.1
2023-09-21T14:00,20.0,9.7,129,100,192.0,0.0
2023-09-21T15:00,19.5,8.3,124,100,126.0,0.1
2023-09-21T16:00,19.2,5.3,118,100,121.0,0.0
2023-09-21T17:00,18.3,4.7,113,98,30.0,0.0
2023-09-21T18:00,18.1,6.1,130,100,1.0,0.1
2023-09-21T19:00,18.2,5.0,120,100,0.0,0.0
2023-09-21T20:00,17.9,4.3,114,100,0.0,0.0
2023-09-21T21:00,16.0,26.3,260,100,0.0,4.7
2023-09-21T22:00,14.7,8.7,228,100,0.0,0.2
2023-09-21T23:00,14.1,8.2,221,100,0.0,0.1
2023-09-22T00:00,13.6,5.9,191,100,0.0,0.0
2023-09-22T01:00,13.6,11.0,232,92,0.0,0.0
2023-09-22T02:00,13.1,7.6,199,100,0.0,0.0
2023-09-22T03:00,13.1,10.3,209,92,0.0,0.1
2023-09-22T04:00,13.1,10.1,235,100,0.0,0.0
2023-09-22T05:00,12.3,7.7,221,100,0.0,0.0
2023-09-22T06:00,12.5,9.4,220,100,11.0,0.0
2023-09-22T07:00,12.6,8.4,205,100,55.0,0.0
2023-09-22T08:00,13.3,9.7,211,100,126.0,0.0
2023-09-22T09:00,14.0,12.6,193,93,157.0,0.0
2023-09-22T10:00,15.1,14.7,208,92,305.0,0.0
2023-09-22T11:00,16.0,15.6,218,100,345.0,0.0
2023-09-22T12:00,16.1,14.8,206,86,305.0,0.0
2023-09-22T13:00,16.7,15.6,218,89,430.0,0.0
2023-09-22T14:00,17.0,15.3,214,76,362.0,0.0
2023-09-22T15:00,16.8,13.0,204,51,279.0,0.0
2023-09-22T16:00,16.3,11.2,184,79,195.0,0.0
2023-09-22T17:00,14.6,6.6,189,15,62.0,0.0
2023-09-22T18:00,13.1,5.5,157,0,2.0,0.0
2023-09-22T19:00,11.8,4.6,162,0,0.0,0.0
2023-09-22T20:00,12.4,9.3,196,100,0.0,1.3
2023-09-22T21:00,10.9,9.1,198,31,0.0,0.2
2023-09-22T22:00,10.2,10.3,209,39,0.0,0.0
2023-09-22T23:00,10.3,11.4,208,55,0.0,0.0
2023-09-23T00:00,10.4,11.0,212,74,0.0,0.0
2023-09-23T01:00,10.4,13.8,231,92,0.0,0.0
2023-09-23T02:00,10.1,15.2,239,91,0.0,0.0
2023-09-23T03:00,10.1,11.8,239,69,0.0,0.0
2023-09-23T04:00,9.7,14.8,256,74,0.0,0.0
2023-09-23T05:00,9.4,16.1,250,53,0.0,0.0
2023-09-23T06:00,9.6,14.5,251,63,23.0,0.0
2023-09-23T07:00,10.3,14.2,246,58,123.0,0.0
2023-09-23T08:00,11.4,15.1,245,96,188.0,0.0
2023-09-23T09:00,12.3,14.0,235,64,238.0,0.0
2023-09-23T10:00,12.8,13.0,231,100,321.0,0.0
2023-09-23T11:00,13.4,13.3,221,96,249.0,0.0
2023-09-23T12:00,13.9,13.6,233,73,297.0,0.0
2023-09-23T13:00,14.6,15.3,251,78,426.0,0.0
2023-09-23T14:00,15.1,12.2,246,79,325.0,0.0
2023-09-23T15:00,15.0,12.6,257,59,256.0,0.0
2023-09-23T16:00,14.4,9.4,247,20,175.0,0.0
2023-09-23T17:00,13.1,7.8,248,12,64.0,0.0
2023-09-23T18:00,11.7,6.2,260,0,1.0,0.0
2023-09-23T19:00,11.4,8.0,278,0,0.0,0.0
2023-09-23T20:00,10.6,6.9,276,68,0.0,0.0
2023-09-23T21:00,10.6,6.9,279,84,0.0,0.0
2023-09-23T22:00,10.6,5.8,274,95,0.0,0.0
2023-09-23T23:00,9.9,5.1,274,65,0.0,0.0
2023-09-24T00:00,8.4,4.5,284,10,0.0,0.0
2023-09-24T01:00,8.2,4.3,275,72,0.0,0.0
2023-09-24T02:00,8.3,4.0,265,92,0.0,0.0
2023-09-24T03:00,8.3,3.3,264,65,0.0,0.0
2023-09-24T04:00,8.3,2.9,240,84,0.0,0.0
2023-09-24T05:00,8.2,3.0,256,84,0.0,0.0
2023-09-24T06:00,8.8,2.1,239,80,23.0,0.0
2023-09-24T07:00,10.5,2.9,180,69,119.0,0.0
2023-09-24T08:00,12.3,2.2,180,74,251.0,0.0
2023-09-24T09:00,14.1,4.3,180,92,333.0,0.0
2023-09-24T10:00,15.2,3.1,201,82,473.0,0.0
2023-09-24T11:00,16.0,4.0,170,73,477.0,0.0
2023-09-24T12:00,16.4,6.6,135,62,465.0,0.0
2023-09-24T13:00,17.2,6.9,137,0,515.0,0.0
2023-09-24T14:00,17.5,6.1,130,0,479.0,0.0
2023-09-24T15:00,17.5,6.6,135,0,344.0,0.0
2023-09-24T16:00,16.6,7.0,111,0,208.0,0.0
2023-09-24T17:00,14.1,4.8,77,0,68.0,0.0
2023-09-24T18:00,12.5,4.6,72,12,1.0,0.0
2023-09-24T19:00,11.9,4.2,70,7,0.0,0.0
2023-09-24T20:00,10.5,4.6,51,23,0.0,0.0
2023-09-24T21:00,10.0,3.6,84,0,0.0,0.0
2023-09-24T22:00,9.6,3.6,127,0,0.0,0.0
2023-09-24T23:00,9.2,4.2,121,0,0.0,0.0
2023-09-25T00:00,7.6,2.6,146,0,0.0,0.0
2023-09-25T01:00,7.0,4.1,142,0,0.0,0.0
2023-09-25T02:00,6.1,3.3,186,62,0.0,0.0
2023-09-25T03:00,6.1,4.2,149,77,0.0,0.0
2023-09-25T04:00,5.8,4.3,156,55,0.0,0.0
2023-09-25T05:00,5.5,5.8,150,74,0.0,0.0
2023-09-25T06:00,6.0,5.4,138,76,22.0,0.0
2023-09-25T07:00,8.5,2.7,157,0,136.0,0.0
2023-09-25T08:00,11.2,7.4,141,0,286.0,0.0
2023-09-25T09:00,13.5,6.9,152,0,425.0,0.0
2023-09-25T10:00,15.2,9.2,141,83,523.0,0.0
2023-09-25T11:00,17.1,7.2,143,79,581.0,0.0
2023-09-25T12:00,18.6,8.9,133,100,588.0,0.0
2023-09-25T13:00,19.3,11.6,144,76,534.0,0.0
2023-09-25T14:00,19.3,11.3,143,100,454.0,0.0
2023-09-25T15:00,19.1,9.2,149,100,335.0,0.0
2023-09-25T16:00,17.8,5.6,140,100,183.0,0.0
2023-09-25T17:00,15.8,2.6,146,83,57.0,0.0
2023-09-25T18:00,14.1,2.4,117,98,1.0,0.0
2023-09-25T19:00,13.0,1.0,315,78,0.0,0.0
2023-09-25T20:00,12.1,0.7,90,100,0.0,0.0
2023-09-25T21:00,11.4,1.1,270,100,0.0,0.0
2023-09-25T22:00,10.2,2.2,171,0,0.0,0.0
2023-09-25T23:00,9.6,0.8,207,0,0.0,0.0
2023-09-26T00:00,7.8,2.6,214,0,0.0,0.0
2023-09-26T01:00,6.9,0.4,180,56,0.0,0.0
2023-09-26T02:00,6.9,1.3,236,81,0.0,0.0
2023-09-26T03:00,6.6,0.8,117,100,0.0,0.0
2023-09-26T04:00,6.2,1.5,256,100,0.0,0.0
2023-09-26T05:00,5.9,0.8,207,100,0.0,0.0
2023-09-26T06:00,6.0,0.7,270,100,16.0,0.0
2023-09-26T07:00,8.4,0.8,153,54,114.0,0.0
2023-09-26T08:00,11.5,2.6,146,0,275.0,0.0
2023-09-26T09:00,14.8,3.9,146,0,409.0,0.0
2023-09-26T10:00,17.4,4.0,153,0,515.0,0.0
2023-09-26T11:00,19.3,4.7,157,1,577.0,0.0
2023-09-26T12:00,20.5,3.6,174,8,587.0,0.0
2023-09-26T13:00,21.4,2.2,189,6,546.0,0.0
2023-09-26T14:00,21.7,3.6,143,0,460.0,0.0
2023-09-26T15:00,21.6,3.4,148,0,337.0,0.0
2023-09-26T16:00,20.9,1.3,146,0,192.0,0.0
2023-09-26T17:00,18.7,0.4,270,0,55.0,0.0
2023-09-26T18:00,16.2,4.6,321,5,0.0,0.0
2023-09-26T19:00,15.5,4.2,340,8,0.0,0.0
2023-09-26T20:00,14.9,0.5,45,86,0.0,0.0
2023-09-26T21:00,13.8,2.9,180,100,0.0,0.0
2023-09-26T22:00,12.9,2.9,173,54,0.0,0.0
2023-09-26T23:00,11.7,1.5,166,100,0.0,0.0
2023-09-27T00:00,11.2,2.5,278,100,0.0,0.0
2023-09-27T01:00,12.1,1.6,27,100,0.0,0.0
2023-09-27T02:00,11.2,2.2,180,100,0.0,0.0
2023-09-27T03:00,10.7,0.7,180,100,0.0,0.0
2023-09-27T04:00,10.6,3.0,284,100,0.0,0.0
2023-09-27T05:00,10.4,0.8,207,100,0.0,0.0
2023-09-27T06:00,10.2,4.1,165,100,11.0,0.0
2023-09-27T07:00,11.0,1.9,158,100,63.0,0.0
2023-09-27T08:00,13.6,3.6,127,61,193.0,0.0
2023-09-27T09:00,15.8,5.8,150,0,394.0,0.0
2023-09-27T10:00,19.2,6.4,137,0,500.0,0.0
2023-09-27T11:00,21.3,2.1,239,100,557.0,0.0
2023-09-27T12:00,22.6,5.2,168,22,568.0,0.0
2023-09-27T13:00,23.1,4.3,138,100,492.0,0.0
2023-09-27T14:00,23.3,8.6,123,76,441.0,0.0
2023-09-27T15:00,23.3,7.7,127,100,320.0,0.0
2023-09-27T16:00,21.9,7.4,129,15,180.0,0.0
2023-09-27T17:00,19.5,6.4,142,0,51.0,0.0
2023-09-27T18:00,17.5,4.3,175,100,0.0,0.0
2023-09-27T19:00,16.9,0.5,135,10,0.0,0.0
2023-09-27T20:00,16.0,3.1,225,48,0.0,0.0
2023-09-27T21:00,15.2,2.3,219,71,0.0,0.0
2023-09-27T22:00,14.3,2.9,180,16,0.0,0.0
2023-09-27T23:00,12.9,4.1,165,0,0.0,0.0
2023-09-28T00:00,11.4,3.9,158,88,0.0,0.0
2023-09-28T01:00,11.0,3.2,153,100,0.0,0.0
2023-09-28T02:00,10.0,2.7,157,100,0.0,0.0
2023-09-28T03:00,10.4,1.8,127,100,0.0,0.0
2023-09-28T04:00,9.6,3.4,198,100,0.0,0.0
2023-09-28T05:00,10.1,3.3,193,100,0.0,0.0
2023-09-28T06:00,9.8,3.6,143,100,13.0,0.0
2023-09-28T07:00,11.5,1.9,112,100,83.0,0.0
2023-09-28T08:00,14.4,4.3,138,80,187.0,0.0
2023-09-28T09:00,17.5,3.8,163,0,355.0,0.0
2023-09-28T10:00,21.1,4.7,247,0,498.0,0.0
2023-09-28T11:00,22.4,7.1,195,0,559.0,0.0
2023-09-28T12:00,23.2,8.0,170,100,557.0,0.0
2023-09-28T13:00,24.1,8.3,198,75,522.0,0.0
2023-09-28T14:00,24.4,6.9,219,100,429.0,0.0
2023-09-28T15:00,24.3,5.2,236,100,300.0,0.0
2023-09-28T16:00,22.8,4.6,225,100,161.0,0.0
2023-09-28T17:00,19.8,4.7,238,99,43.0,0.0
2023-09-28T18:00,17.4,5.2,254,100,0.0,0.0
2023-09-28T19:00,17.6,3.3,186,100,0.0,0.0
2023-09-28T20:00,16.2,2.5,172,100,0.0,0.0
2023-09-28T21:00,14.7,2.9,173,100,0.0,0.0
2023-09-28T22:00,14.0,3.7,169,100,0.0,0.0
2023-09-28T23:00,13.7,2.6,196,87,0.0,0.0
2023-09-29T00:00,12.5,4.8,153,77,0.0,0.0
2023-09-29T01:00,12.2,1.8,217,59,0.0,0.0
2023-09-29T02:00,11.7,3.3,139,34,0.0,0.0
2023-09-29T03:00,11.4,3.4,162,100,0.0,0.0
2023-09-29T04:00,12.3,2.3,162,100,0.0,0.0
2023-09-29T05:00,12.7,2.5,172,100,0.0,0.0
2023-09-29T06:00,12.6,4.1,128,100,5.0,0.0
2023-09-29T07:00,14.2,3.7,151,100,56.0,0.0
2023-09-29T08:00,16.5,4.7,157,63,167.0,0.0
2023-09-29T09:00,17.5,6.5,146,96,221.0,0.0
2023-09-29T10:00,18.9,6.8,155,85,293.0,0.0
2023-09-29T11:00,21.2,11.2,165,50,442.0,0.0
2023-09-29T12:00,22.8,13.0,194,78,510.0,0.0
2023-09-29T13:00,22.9,14.0,215,64,409.0,0.0
2023-09-29T14:00,22.4,14.1,232,100,288.0,0.0
2023-09-29T15:00,21.8,13.6,230,98,74.0,0.1
2023-09-29T16:00,20.8,16.4,255,94,76.0,0.0
2023-09-29T17:00,19.1,15.4,254,100,26.0,0.0
2023-09-29T18:00,17.9,12.3,263,96,0.0,0.0
2023-09-29T19:00,16.9,6.9,279,100,0.0,0.0
2023-09-29T20:00,17.2,15.4,307,100,0.0,0.0
2023-09-29T21:00,15.8,20.2,320,89,0.0,0.3
2023-09-29T22:00,14.5,15.8,315,75,0.0,0.0
2023-09-29T23:00,13.4,13.4,324,69,0.0,0.0
2023-09-30T00:00,12.4,10.2,321,40,0.0,0.0
2023-09-30T01:00,11.6,10.2,318,100,0.0,0.0
2023-09-30T02:00,10.9,12.0,321,80,0.0,0.0
2023-09-30T03:00,10.6,7.4,317,100,0.0,0.0
2023-09-30T04:00,9.7,4.6,309,100,0.0,0.0
2023-09-30T05:00,8.0,5.0,300,100,0.0,0.0
2023-09-30T06:00,9.0,4.6,309,100,14.0,0.0
2023-09-30T07:00,11.0,4.5,299,100,92.0,0.0
2023-09-30T08:00,12.3,5.0,291,49,235.0,0.0
2023-09-30T09:00,13.9,4.2,290,55,379.0,0.0
2023-09-30T10:00,14.9,4.5,299,63,451.0,0.0
2023-09-30T11:00,16.0,3.3,257,46,510.0,0.0
2023-09-30T12:00,16.8,5.7,288,64,549.0,0.0
2023-09-30T13:00,17.1,6.8,288,43,523.0,0.0
2023-09-30T14:00,17.0,6.8,302,30,438.0,0.0
2023-09-30T15:00,16.6,6.1,298,37,316.0,0.0
2023-09-30T16:00,15.3,4.1,315,50,170.0,0.0
2023-09-30T17:00,12.5,5.9,317,7,39.0,0.0
2023-09-30T18:00,11.2,5.4,318,79,0.0,0.0
2023-09-30T19:00,10.9,4.5,299,98,0.0,0.0
2023-09-30T20:00,10.3,5.2,282,100,0.0,0.0
2023-09-30T21:00,9.9,3.2,270,100,0.0,0.0
2023-09-30T22:00,9.4,3.3,221,100,0.0,0.0
2023-09-30T23:00,9.0,1.8,233,86,0.0,0.0
